timestamp,bin_id,zone,capacity_L,fill_level_pct,collected,hour,date,day_name,status,alert_high,alert_full,needs_pickup
2024-06-01 00:00:00,BIN-01,Market Area,120,5.4,0,0,2024-06-01,Sat,🟢 Low,0,0,0
2024-06-01 02:00:00,BIN-01,Market Area,120,6.1,0,2,2024-06-01,Sat,🟢 Low,0,0,0
2024-06-01 04:00:00,BIN-01,Market Area,120,6.6,0,4,2024-06-01,Sat,🟢 Low,0,0,0
2024-06-01 06:00:00,BIN-01,Market Area,120,7.2,0,6,2024-06-01,Sat,🟢 Low,0,0,0
2024-06-01 08:00:00,BIN-01,Market Area,120,8.5,0,8,2024-06-01,Sat,🟢 Low,0,0,0
2024-06-01 10:00:00,BIN-01,Market Area,120,9.7,0,10,2024-06-01,Sat,🟢 Low,0,0,0
2024-06-01 12:00:00,BIN-01,Market Area,120,10.9,0,12,2024-06-01,Sat,🟢 Low,0,0,0
2024-06-01 14:00:00,BIN-01,Market Area,120,13.2,0,14,2024-06-01,Sat,🟢 Low,0,0,0
2024-06-01 16:00:00,BIN-01,Market Area,120,15.1,0,16,2024-06-01,Sat,🟢 Low,0,0,0
2024-06-01 18:00:00,BIN-01,Market Area,120,17.2,0,18,2024-06-01,Sat,🟢 Low,0,0,0
2024-06-01 20:00:00,BIN-01,Market Area,120,18.3,0,20,2024-06-01,Sat,🟢 Low,0,0,0
2024-06-01 22:00:00,BIN-01,Market Area,120,20.8,0,22,2024-06-01,Sat,🟢 Low,0,0,0
2024-06-02 00:00:00,BIN-01,Market Area,120,21.4,0,0,2024-06-02,Sun,🟢 Low,0,0,0
2024-06-02 02:00:00,BIN-01,Market Area,120,21.8,0,2,2024-06-02,Sun,🟢 Low,0,0,0
2024-06-02 04:00:00,BIN-01,Market Area,120,22.1,0,4,2024-06-02,Sun,🟢 Low,0,0,0
2024-06-02 06:00:00,BIN-01,Market Area,120,22.5,0,6,2024-06-02,Sun,🟢 Low,0,0,0
2024-06-02 08:00:00,BIN-01,Market Area,120,24.0,0,8,2024-06-02,Sun,🟢 Low,0,0,0
2024-06-02 10:00:00,BIN-01,Market Area,120,25.8,0,10,2024-06-02,Sun,🟢 Low,0,0,0
2024-06-02 12:00:00,BIN-01,Market Area,120,27.5,0,12,2024-06-02,Sun,🟢 Low,0,0,0
2024-06-02 14:00:00,BIN-01,Market Area,120,29.0,0,14,2024-06-02,Sun,🟢 Low,0,0,0
2024-06-02 16:00:00,BIN-01,Market Area,120,30.9,0,16,2024-06-02,Sun,🟢 Low,0,0,0
2024-06-02 18:00:00,BIN-01,Market Area,120,32.2,0,18,2024-06-02,Sun,🟢 Low,0,0,0
2024-06-02 20:00:00,BIN-01,Market Area,120,33.7,0,20,2024-06-02,Sun,🟢 Low,0,0,0
2024-06-02 22:00:00,BIN-01,Market Area,120,35.3,0,22,2024-06-02,Sun,🟢 Low,0,0,0
2024-06-03 00:00:00,BIN-01,Market Area,120,35.6,0,0,2024-06-03,Mon,🟢 Low,0,0,0
2024-06-03 02:00:00,BIN-01,Market Area,120,36.1,0,2,2024-06-03,Mon,🟢 Low,0,0,0
2024-06-03 04:00:00,BIN-01,Market Area,120,36.4,0,4,2024-06-03,Mon,🟢 Low,0,0,0
2024-06-03 06:00:00,BIN-01,Market Area,120,36.7,0,6,2024-06-03,Mon,🟢 Low,0,0,0
2024-06-03 08:00:00,BIN-01,Market Area,120,38.2,0,8,2024-06-03,Mon,🟢 Low,0,0,0
2024-06-03 10:00:00,BIN-01,Market Area,120,39.1,0,10,2024-06-03,Mon,🟢 Low,0,0,0
2024-06-03 12:00:00,BIN-01,Market Area,120,40.6,0,12,2024-06-03,Mon,🟡 Medium,0,0,0
2024-06-03 14:00:00,BIN-01,Market Area,120,41.6,0,14,2024-06-03,Mon,🟡 Medium,0,0,0
2024-06-03 16:00:00,BIN-01,Market Area,120,42.5,0,16,2024-06-03,Mon,🟡 Medium,0,0,0
2024-06-03 18:00:00,BIN-01,Market Area,120,44.4,0,18,2024-06-03,Mon,🟡 Medium,0,0,0
2024-06-03 20:00:00,BIN-01,Market Area,120,46.3,0,20,2024-06-03,Mon,🟡 Medium,0,0,0
2024-06-03 22:00:00,BIN-01,Market Area,120,48.0,0,22,2024-06-03,Mon,🟡 Medium,0,0,0
2024-06-04 00:00:00,BIN-01,Market Area,120,48.3,0,0,2024-06-04,Tue,🟡 Medium,0,0,0
2024-06-04 02:00:00,BIN-01,Market Area,120,48.5,0,2,2024-06-04,Tue,🟡 Medium,0,0,0
2024-06-04 04:00:00,BIN-01,Market Area,120,48.9,0,4,2024-06-04,Tue,🟡 Medium,0,0,0
2024-06-04 06:00:00,BIN-01,Market Area,120,49.3,0,6,2024-06-04,Tue,🟡 Medium,0,0,0
2024-06-04 08:00:00,BIN-01,Market Area,120,50.3,0,8,2024-06-04,Tue,🟡 Medium,0,0,0
2024-06-04 10:00:00,BIN-01,Market Area,120,51.6,0,10,2024-06-04,Tue,🟡 Medium,0,0,0
2024-06-04 12:00:00,BIN-01,Market Area,120,52.5,0,12,2024-06-04,Tue,🟡 Medium,0,0,0
2024-06-04 14:00:00,BIN-01,Market Area,120,54.3,0,14,2024-06-04,Tue,🟡 Medium,0,0,0
2024-06-04 16:00:00,BIN-01,Market Area,120,55.4,0,16,2024-06-04,Tue,🟡 Medium,0,0,0
2024-06-04 18:00:00,BIN-01,Market Area,120,57.0,0,18,2024-06-04,Tue,🟡 Medium,0,0,0
2024-06-04 20:00:00,BIN-01,Market Area,120,58.1,0,20,2024-06-04,Tue,🟡 Medium,0,0,0
2024-06-04 22:00:00,BIN-01,Market Area,120,59.5,0,22,2024-06-04,Tue,🟡 Medium,0,0,0
2024-06-05 00:00:00,BIN-01,Market Area,120,59.9,0,0,2024-06-05,Wed,🟡 Medium,0,0,0
2024-06-05 02:00:00,BIN-01,Market Area,120,60.2,0,2,2024-06-05,Wed,🟡 Medium,0,0,0
2024-06-05 04:00:00,BIN-01,Market Area,120,60.7,0,4,2024-06-05,Wed,🟡 Medium,0,0,0
2024-06-05 06:00:00,BIN-01,Market Area,120,61.1,0,6,2024-06-05,Wed,🟡 Medium,0,0,0
2024-06-05 08:00:00,BIN-01,Market Area,120,63.0,0,8,2024-06-05,Wed,🟡 Medium,0,0,0
2024-06-05 10:00:00,BIN-01,Market Area,120,64.8,0,10,2024-06-05,Wed,🟡 Medium,0,0,0
2024-06-05 12:00:00,BIN-01,Market Area,120,66.3,0,12,2024-06-05,Wed,🟡 Medium,0,0,0
2024-06-05 14:00:00,BIN-01,Market Area,120,68.1,0,14,2024-06-05,Wed,🟡 Medium,0,0,0
2024-06-05 16:00:00,BIN-01,Market Area,120,69.1,0,16,2024-06-05,Wed,🟡 Medium,0,0,0
2024-06-05 18:00:00,BIN-01,Market Area,120,70.1,0,18,2024-06-05,Wed,🟠 High,1,0,0
2024-06-05 20:00:00,BIN-01,Market Area,120,71.0,0,20,2024-06-05,Wed,🟠 High,1,0,0
2024-06-05 22:00:00,BIN-01,Market Area,120,72.2,0,22,2024-06-05,Wed,🟠 High,1,0,0
2024-06-06 00:00:00,BIN-01,Market Area,120,72.5,0,0,2024-06-06,Thu,🟠 High,1,0,0
2024-06-06 02:00:00,BIN-01,Market Area,120,72.8,0,2,2024-06-06,Thu,🟠 High,1,0,0
2024-06-06 04:00:00,BIN-01,Market Area,120,73.3,0,4,2024-06-06,Thu,🟠 High,1,0,0
2024-06-06 06:00:00,BIN-01,Market Area,120,73.6,0,6,2024-06-06,Thu,🟠 High,1,0,0
2024-06-06 08:00:00,BIN-01,Market Area,120,74.7,0,8,2024-06-06,Thu,🟠 High,1,0,0
2024-06-06 10:00:00,BIN-01,Market Area,120,76.1,0,10,2024-06-06,Thu,🟠 High,1,0,1
2024-06-06 12:00:00,BIN-01,Market Area,120,77.1,0,12,2024-06-06,Thu,🟠 High,1,0,1
2024-06-06 14:00:00,BIN-01,Market Area,120,78.8,0,14,2024-06-06,Thu,🟠 High,1,0,1
2024-06-06 16:00:00,BIN-01,Market Area,120,79.7,0,16,2024-06-06,Thu,🟠 High,1,0,1
2024-06-06 18:00:00,BIN-01,Market Area,120,81.6,0,18,2024-06-06,Thu,🟠 High,1,0,1
2024-06-06 20:00:00,BIN-01,Market Area,120,83.3,0,20,2024-06-06,Thu,🟠 High,1,0,1
2024-06-06 22:00:00,BIN-01,Market Area,120,84.4,0,22,2024-06-06,Thu,🟠 High,1,0,1
2024-06-07 00:00:00,BIN-01,Market Area,120,84.6,0,0,2024-06-07,Fri,🟠 High,1,0,1
2024-06-07 02:00:00,BIN-01,Market Area,120,6.2,1,2,2024-06-07,Fri,🟢 Low,0,0,0
2024-06-07 04:00:00,BIN-01,Market Area,120,6.7,0,4,2024-06-07,Fri,🟢 Low,0,0,0
2024-06-07 06:00:00,BIN-01,Market Area,120,7.1,0,6,2024-06-07,Fri,🟢 Low,0,0,0
2024-06-07 08:00:00,BIN-01,Market Area,120,8.0,0,8,2024-06-07,Fri,🟢 Low,0,0,0
2024-06-07 10:00:00,BIN-01,Market Area,120,9.2,0,10,2024-06-07,Fri,🟢 Low,0,0,0
2024-06-07 12:00:00,BIN-01,Market Area,120,10.2,0,12,2024-06-07,Fri,🟢 Low,0,0,0
2024-06-07 14:00:00,BIN-01,Market Area,120,12.0,0,14,2024-06-07,Fri,🟢 Low,0,0,0
2024-06-07 16:00:00,BIN-01,Market Area,120,13.5,0,16,2024-06-07,Fri,🟢 Low,0,0,0
2024-06-07 18:00:00,BIN-01,Market Area,120,14.7,0,18,2024-06-07,Fri,🟢 Low,0,0,0
2024-06-07 20:00:00,BIN-01,Market Area,120,15.6,0,20,2024-06-07,Fri,🟢 Low,0,0,0
2024-06-07 22:00:00,BIN-01,Market Area,120,16.7,0,22,2024-06-07,Fri,🟢 Low,0,0,0
2024-06-01 00:00:00,BIN-02,Market Area,120,5.5,0,0,2024-06-01,Sat,🟢 Low,0,0,0
2024-06-01 02:00:00,BIN-02,Market Area,120,6.2,0,2,2024-06-01,Sat,🟢 Low,0,0,0
2024-06-01 04:00:00,BIN-02,Market Area,120,6.8,0,4,2024-06-01,Sat,🟢 Low,0,0,0
2024-06-01 06:00:00,BIN-02,Market Area,120,7.5,0,6,2024-06-01,Sat,🟢 Low,0,0,0
2024-06-01 08:00:00,BIN-02,Market Area,120,9.6,0,8,2024-06-01,Sat,🟢 Low,0,0,0
2024-06-01 10:00:00,BIN-02,Market Area,120,11.0,0,10,2024-06-01,Sat,🟢 Low,0,0,0
2024-06-01 12:00:00,BIN-02,Market Area,120,13.5,0,12,2024-06-01,Sat,🟢 Low,0,0,0
2024-06-01 14:00:00,BIN-02,Market Area,120,16.1,0,14,2024-06-01,Sat,🟢 Low,0,0,0
2024-06-01 16:00:00,BIN-02,Market Area,120,18.3,0,16,2024-06-01,Sat,🟢 Low,0,0,0
2024-06-01 18:00:00,BIN-02,Market Area,120,20.9,0,18,2024-06-01,Sat,🟢 Low,0,0,0
2024-06-01 20:00:00,BIN-02,Market Area,120,23.0,0,20,2024-06-01,Sat,🟢 Low,0,0,0
2024-06-01 22:00:00,BIN-02,Market Area,120,25.1,0,22,2024-06-01,Sat,🟢 Low,0,0,0
2024-06-02 00:00:00,BIN-02,Market Area,120,25.6,0,0,2024-06-02,Sun,🟢 Low,0,0,0
2024-06-02 02:00:00,BIN-02,Market Area,120,26.0,0,2,2024-06-02,Sun,🟢 Low,0,0,0
2024-06-02 04:00:00,BIN-02,Market Area,120,26.4,0,4,2024-06-02,Sun,🟢 Low,0,0,0
2024-06-02 06:00:00,BIN-02,Market Area,120,26.7,0,6,2024-06-02,Sun,🟢 Low,0,0,0
2024-06-02 08:00:00,BIN-02,Market Area,120,29.1,0,8,2024-06-02,Sun,🟢 Low,0,0,0
2024-06-02 10:00:00,BIN-02,Market Area,120,30.9,0,10,2024-06-02,Sun,🟢 Low,0,0,0
2024-06-02 12:00:00,BIN-02,Market Area,120,33.0,0,12,2024-06-02,Sun,🟢 Low,0,0,0
2024-06-02 14:00:00,BIN-02,Market Area,120,35.8,0,14,2024-06-02,Sun,🟢 Low,0,0,0
2024-06-02 16:00:00,BIN-02,Market Area,120,37.5,0,16,2024-06-02,Sun,🟢 Low,0,0,0
2024-06-02 18:00:00,BIN-02,Market Area,120,39.5,0,18,2024-06-02,Sun,🟢 Low,0,0,0
2024-06-02 20:00:00,BIN-02,Market Area,120,42.0,0,20,2024-06-02,Sun,🟡 Medium,0,0,0
2024-06-02 22:00:00,BIN-02,Market Area,120,43.7,0,22,2024-06-02,Sun,🟡 Medium,0,0,0
2024-06-03 00:00:00,BIN-02,Market Area,120,43.9,0,0,2024-06-03,Mon,🟡 Medium,0,0,0
2024-06-03 02:00:00,BIN-02,Market Area,120,44.3,0,2,2024-06-03,Mon,🟡 Medium,0,0,0
2024-06-03 04:00:00,BIN-02,Market Area,120,44.6,0,4,2024-06-03,Mon,🟡 Medium,0,0,0
2024-06-03 06:00:00,BIN-02,Market Area,120,45.2,0,6,2024-06-03,Mon,🟡 Medium,0,0,0
2024-06-03 08:00:00,BIN-02,Market Area,120,47.2,0,8,2024-06-03,Mon,🟡 Medium,0,0,0
2024-06-03 10:00:00,BIN-02,Market Area,120,49.0,0,10,2024-06-03,Mon,🟡 Medium,0,0,0
2024-06-03 12:00:00,BIN-02,Market Area,120,51.1,0,12,2024-06-03,Mon,🟡 Medium,0,0,0
2024-06-03 14:00:00,BIN-02,Market Area,120,53.1,0,14,2024-06-03,Mon,🟡 Medium,0,0,0
2024-06-03 16:00:00,BIN-02,Market Area,120,54.4,0,16,2024-06-03,Mon,🟡 Medium,0,0,0
2024-06-03 18:00:00,BIN-02,Market Area,120,56.5,0,18,2024-06-03,Mon,🟡 Medium,0,0,0
2024-06-03 20:00:00,BIN-02,Market Area,120,58.2,0,20,2024-06-03,Mon,🟡 Medium,0,0,0
2024-06-03 22:00:00,BIN-02,Market Area,120,60.2,0,22,2024-06-03,Mon,🟡 Medium,0,0,0
2024-06-04 00:00:00,BIN-02,Market Area,120,60.8,0,0,2024-06-04,Tue,🟡 Medium,0,0,0
2024-06-04 02:00:00,BIN-02,Market Area,120,61.1,0,2,2024-06-04,Tue,🟡 Medium,0,0,0
2024-06-04 04:00:00,BIN-02,Market Area,120,61.4,0,4,2024-06-04,Tue,🟡 Medium,0,0,0
2024-06-04 06:00:00,BIN-02,Market Area,120,61.8,0,6,2024-06-04,Tue,🟡 Medium,0,0,0
2024-06-04 08:00:00,BIN-02,Market Area,120,63.3,0,8,2024-06-04,Tue,🟡 Medium,0,0,0
2024-06-04 10:00:00,BIN-02,Market Area,120,65.3,0,10,2024-06-04,Tue,🟡 Medium,0,0,0
2024-06-04 12:00:00,BIN-02,Market Area,120,67.4,0,12,2024-06-04,Tue,🟡 Medium,0,0,0
2024-06-04 14:00:00,BIN-02,Market Area,120,68.4,0,14,2024-06-04,Tue,🟡 Medium,0,0,0
2024-06-04 16:00:00,BIN-02,Market Area,120,70.1,0,16,2024-06-04,Tue,🟠 High,1,0,0
2024-06-04 18:00:00,BIN-02,Market Area,120,71.6,0,18,2024-06-04,Tue,🟠 High,1,0,0
2024-06-04 20:00:00,BIN-02,Market Area,120,72.8,0,20,2024-06-04,Tue,🟠 High,1,0,0
2024-06-04 22:00:00,BIN-02,Market Area,120,74.0,0,22,2024-06-04,Tue,🟠 High,1,0,0
2024-06-05 00:00:00,BIN-02,Market Area,120,74.4,0,0,2024-06-05,Wed,🟠 High,1,0,0
2024-06-05 02:00:00,BIN-02,Market Area,120,74.9,0,2,2024-06-05,Wed,🟠 High,1,0,0
2024-06-05 04:00:00,BIN-02,Market Area,120,75.3,0,4,2024-06-05,Wed,🟠 High,1,0,1
2024-06-05 06:00:00,BIN-02,Market Area,120,75.8,0,6,2024-06-05,Wed,🟠 High,1,0,1
2024-06-05 08:00:00,BIN-02,Market Area,120,77.6,0,8,2024-06-05,Wed,🟠 High,1,0,1
2024-06-05 10:00:00,BIN-02,Market Area,120,79.1,0,10,2024-06-05,Wed,🟠 High,1,0,1
2024-06-05 12:00:00,BIN-02,Market Area,120,81.3,0,12,2024-06-05,Wed,🟠 High,1,0,1
2024-06-05 14:00:00,BIN-02,Market Area,120,83.6,0,14,2024-06-05,Wed,🟠 High,1,0,1
2024-06-05 16:00:00,BIN-02,Market Area,120,84.9,0,16,2024-06-05,Wed,🟠 High,1,0,1
2024-06-05 18:00:00,BIN-02,Market Area,120,3.8,1,18,2024-06-05,Wed,🟢 Low,0,0,0
2024-06-05 20:00:00,BIN-02,Market Area,120,5.2,0,20,2024-06-05,Wed,🟢 Low,0,0,0
2024-06-05 22:00:00,BIN-02,Market Area,120,6.2,0,22,2024-06-05,Wed,🟢 Low,0,0,0
2024-06-06 00:00:00,BIN-02,Market Area,120,6.6,0,0,2024-06-06,Thu,🟢 Low,0,0,0
2024-06-06 02:00:00,BIN-02,Market Area,120,7.1,0,2,2024-06-06,Thu,🟢 Low,0,0,0
2024-06-06 04:00:00,BIN-02,Market Area,120,7.4,0,4,2024-06-06,Thu,🟢 Low,0,0,0
2024-06-06 06:00:00,BIN-02,Market Area,120,7.7,0,6,2024-06-06,Thu,🟢 Low,0,0,0
2024-06-06 08:00:00,BIN-02,Market Area,120,9.9,0,8,2024-06-06,Thu,🟢 Low,0,0,0
2024-06-06 10:00:00,BIN-02,Market Area,120,11.2,0,10,2024-06-06,Thu,🟢 Low,0,0,0
2024-06-06 12:00:00,BIN-02,Market Area,120,12.3,0,12,2024-06-06,Thu,🟢 Low,0,0,0
2024-06-06 14:00:00,BIN-02,Market Area,120,13.9,0,14,2024-06-06,Thu,🟢 Low,0,0,0
2024-06-06 16:00:00,BIN-02,Market Area,120,16.2,0,16,2024-06-06,Thu,🟢 Low,0,0,0
2024-06-06 18:00:00,BIN-02,Market Area,120,17.5,0,18,2024-06-06,Thu,🟢 Low,0,0,0
2024-06-06 20:00:00,BIN-02,Market Area,120,19.3,0,20,2024-06-06,Thu,🟢 Low,0,0,0
2024-06-06 22:00:00,BIN-02,Market Area,120,21.3,0,22,2024-06-06,Thu,🟢 Low,0,0,0
2024-06-07 00:00:00,BIN-02,Market Area,120,21.6,0,0,2024-06-07,Fri,🟢 Low,0,0,0
2024-06-07 02:00:00,BIN-02,Market Area,120,22.1,0,2,2024-06-07,Fri,🟢 Low,0,0,0
2024-06-07 04:00:00,BIN-02,Market Area,120,22.5,0,4,2024-06-07,Fri,🟢 Low,0,0,0
2024-06-07 06:00:00,BIN-02,Market Area,120,23.0,0,6,2024-06-07,Fri,🟢 Low,0,0,0
2024-06-07 08:00:00,BIN-02,Market Area,120,24.8,0,8,2024-06-07,Fri,🟢 Low,0,0,0
2024-06-07 10:00:00,BIN-02,Market Area,120,26.5,0,10,2024-06-07,Fri,🟢 Low,0,0,0
2024-06-07 12:00:00,BIN-02,Market Area,120,27.6,0,12,2024-06-07,Fri,🟢 Low,0,0,0
2024-06-07 14:00:00,BIN-02,Market Area,120,29.6,0,14,2024-06-07,Fri,🟢 Low,0,0,0
2024-06-07 16:00:00,BIN-02,Market Area,120,31.0,0,16,2024-06-07,Fri,🟢 Low,0,0,0
2024-06-07 18:00:00,BIN-02,Market Area,120,32.2,0,18,2024-06-07,Fri,🟢 Low,0,0,0
2024-06-07 20:00:00,BIN-02,Market Area,120,33.3,0,20,2024-06-07,Fri,🟢 Low,0,0,0
2024-06-07 22:00:00,BIN-02,Market Area,120,35.0,0,22,2024-06-07,Fri,🟢 Low,0,0,0
2024-06-01 00:00:00,BIN-03,Residential A,80,5.2,0,0,2024-06-01,Sat,🟢 Low,0,0,0
2024-06-01 02:00:00,BIN-03,Residential A,80,5.4,0,2,2024-06-01,Sat,🟢 Low,0,0,0
2024-06-01 04:00:00,BIN-03,Residential A,80,5.6,0,4,2024-06-01,Sat,🟢 Low,0,0,0
2024-06-01 06:00:00,BIN-03,Residential A,80,5.7,0,6,2024-06-01,Sat,🟢 Low,0,0,0
2024-06-01 08:00:00,BIN-03,Residential A,80,6.5,0,8,2024-06-01,Sat,🟢 Low,0,0,0
2024-06-01 10:00:00,BIN-03,Residential A,80,7.1,0,10,2024-06-01,Sat,🟢 Low,0,0,0
2024-06-01 12:00:00,BIN-03,Residential A,80,8.0,0,12,2024-06-01,Sat,🟢 Low,0,0,0
2024-06-01 14:00:00,BIN-03,Residential A,80,8.6,0,14,2024-06-01,Sat,🟢 Low,0,0,0
2024-06-01 16:00:00,BIN-03,Residential A,80,9.7,0,16,2024-06-01,Sat,🟢 Low,0,0,0
2024-06-01 18:00:00,BIN-03,Residential A,80,10.2,0,18,2024-06-01,Sat,🟢 Low,0,0,0
2024-06-01 20:00:00,BIN-03,Residential A,80,10.8,0,20,2024-06-01,Sat,🟢 Low,0,0,0
2024-06-01 22:00:00,BIN-03,Residential A,80,11.4,0,22,2024-06-01,Sat,🟢 Low,0,0,0
2024-06-02 00:00:00,BIN-03,Residential A,80,11.6,0,0,2024-06-02,Sun,🟢 Low,0,0,0
2024-06-02 02:00:00,BIN-03,Residential A,80,11.9,0,2,2024-06-02,Sun,🟢 Low,0,0,0
2024-06-02 04:00:00,BIN-03,Residential A,80,12.1,0,4,2024-06-02,Sun,🟢 Low,0,0,0
2024-06-02 06:00:00,BIN-03,Residential A,80,12.3,0,6,2024-06-02,Sun,🟢 Low,0,0,0
2024-06-02 08:00:00,BIN-03,Residential A,80,13.2,0,8,2024-06-02,Sun,🟢 Low,0,0,0
2024-06-02 10:00:00,BIN-03,Residential A,80,14.0,0,10,2024-06-02,Sun,🟢 Low,0,0,0
2024-06-02 12:00:00,BIN-03,Residential A,80,14.8,0,12,2024-06-02,Sun,🟢 Low,0,0,0
2024-06-02 14:00:00,BIN-03,Residential A,80,15.4,0,14,2024-06-02,Sun,🟢 Low,0,0,0
2024-06-02 16:00:00,BIN-03,Residential A,80,15.9,0,16,2024-06-02,Sun,🟢 Low,0,0,0
2024-06-02 18:00:00,BIN-03,Residential A,80,16.9,0,18,2024-06-02,Sun,🟢 Low,0,0,0
2024-06-02 20:00:00,BIN-03,Residential A,80,17.9,0,20,2024-06-02,Sun,🟢 Low,0,0,0
2024-06-02 22:00:00,BIN-03,Residential A,80,18.7,0,22,2024-06-02,Sun,🟢 Low,0,0,0
2024-06-03 00:00:00,BIN-03,Residential A,80,18.9,0,0,2024-06-03,Mon,🟢 Low,0,0,0
2024-06-03 02:00:00,BIN-03,Residential A,80,19.0,0,2,2024-06-03,Mon,🟢 Low,0,0,0
2024-06-03 04:00:00,BIN-03,Residential A,80,19.3,0,4,2024-06-03,Mon,🟢 Low,0,0,0
2024-06-03 06:00:00,BIN-03,Residential A,80,19.5,0,6,2024-06-03,Mon,🟢 Low,0,0,0
2024-06-03 08:00:00,BIN-03,Residential A,80,20.5,0,8,2024-06-03,Mon,🟢 Low,0,0,0
2024-06-03 10:00:00,BIN-03,Residential A,80,21.4,0,10,2024-06-03,Mon,🟢 Low,0,0,0
2024-06-03 12:00:00,BIN-03,Residential A,80,22.3,0,12,2024-06-03,Mon,🟢 Low,0,0,0
2024-06-03 14:00:00,BIN-03,Residential A,80,22.8,0,14,2024-06-03,Mon,🟢 Low,0,0,0
2024-06-03 16:00:00,BIN-03,Residential A,80,23.3,0,16,2024-06-03,Mon,🟢 Low,0,0,0
2024-06-03 18:00:00,BIN-03,Residential A,80,24.3,0,18,2024-06-03,Mon,🟢 Low,0,0,0
2024-06-03 20:00:00,BIN-03,Residential A,80,25.1,0,20,2024-06-03,Mon,🟢 Low,0,0,0
2024-06-03 22:00:00,BIN-03,Residential A,80,25.6,0,22,2024-06-03,Mon,🟢 Low,0,0,0
2024-06-04 00:00:00,BIN-03,Residential A,80,25.7,0,0,2024-06-04,Tue,🟢 Low,0,0,0
2024-06-04 02:00:00,BIN-03,Residential A,80,25.9,0,2,2024-06-04,Tue,🟢 Low,0,0,0
2024-06-04 04:00:00,BIN-03,Residential A,80,26.1,0,4,2024-06-04,Tue,🟢 Low,0,0,0
2024-06-04 06:00:00,BIN-03,Residential A,80,26.2,0,6,2024-06-04,Tue,🟢 Low,0,0,0
2024-06-04 08:00:00,BIN-03,Residential A,80,27.0,0,8,2024-06-04,Tue,🟢 Low,0,0,0
2024-06-04 10:00:00,BIN-03,Residential A,80,27.8,0,10,2024-06-04,Tue,🟢 Low,0,0,0
2024-06-04 12:00:00,BIN-03,Residential A,80,28.7,0,12,2024-06-04,Tue,🟢 Low,0,0,0
2024-06-04 14:00:00,BIN-03,Residential A,80,29.3,0,14,2024-06-04,Tue,🟢 Low,0,0,0
2024-06-04 16:00:00,BIN-03,Residential A,80,30.1,0,16,2024-06-04,Tue,🟢 Low,0,0,0
2024-06-04 18:00:00,BIN-03,Residential A,80,30.7,0,18,2024-06-04,Tue,🟢 Low,0,0,0
2024-06-04 20:00:00,BIN-03,Residential A,80,31.4,0,20,2024-06-04,Tue,🟢 Low,0,0,0
2024-06-04 22:00:00,BIN-03,Residential A,80,32.3,0,22,2024-06-04,Tue,🟢 Low,0,0,0
2024-06-05 00:00:00,BIN-03,Residential A,80,32.5,0,0,2024-06-05,Wed,🟢 Low,0,0,0
2024-06-05 02:00:00,BIN-03,Residential A,80,32.8,0,2,2024-06-05,Wed,🟢 Low,0,0,0
2024-06-05 04:00:00,BIN-03,Residential A,80,33.0,0,4,2024-06-05,Wed,🟢 Low,0,0,0
2024-06-05 06:00:00,BIN-03,Residential A,80,33.2,0,6,2024-06-05,Wed,🟢 Low,0,0,0
2024-06-05 08:00:00,BIN-03,Residential A,80,33.7,0,8,2024-06-05,Wed,🟢 Low,0,0,0
2024-06-05 10:00:00,BIN-03,Residential A,80,34.4,0,10,2024-06-05,Wed,🟢 Low,0,0,0
2024-06-05 12:00:00,BIN-03,Residential A,80,35.0,0,12,2024-06-05,Wed,🟢 Low,0,0,0
2024-06-05 14:00:00,BIN-03,Residential A,80,35.6,0,14,2024-06-05,Wed,🟢 Low,0,0,0
2024-06-05 16:00:00,BIN-03,Residential A,80,36.6,0,16,2024-06-05,Wed,🟢 Low,0,0,0
2024-06-05 18:00:00,BIN-03,Residential A,80,37.3,0,18,2024-06-05,Wed,🟢 Low,0,0,0
2024-06-05 20:00:00,BIN-03,Residential A,80,38.3,0,20,2024-06-05,Wed,🟢 Low,0,0,0
2024-06-05 22:00:00,BIN-03,Residential A,80,39.1,0,22,2024-06-05,Wed,🟢 Low,0,0,0
2024-06-06 00:00:00,BIN-03,Residential A,80,39.4,0,0,2024-06-06,Thu,🟢 Low,0,0,0
2024-06-06 02:00:00,BIN-03,Residential A,80,39.6,0,2,2024-06-06,Thu,🟢 Low,0,0,0
2024-06-06 04:00:00,BIN-03,Residential A,80,39.8,0,4,2024-06-06,Thu,🟢 Low,0,0,0
2024-06-06 06:00:00,BIN-03,Residential A,80,40.0,0,6,2024-06-06,Thu,🟢 Low,0,0,0
2024-06-06 08:00:00,BIN-03,Residential A,80,40.5,0,8,2024-06-06,Thu,🟡 Medium,0,0,0
2024-06-06 10:00:00,BIN-03,Residential A,80,41.4,0,10,2024-06-06,Thu,🟡 Medium,0,0,0
2024-06-06 12:00:00,BIN-03,Residential A,80,42.0,0,12,2024-06-06,Thu,🟡 Medium,0,0,0
2024-06-06 14:00:00,BIN-03,Residential A,80,42.5,0,14,2024-06-06,Thu,🟡 Medium,0,0,0
2024-06-06 16:00:00,BIN-03,Residential A,80,43.3,0,16,2024-06-06,Thu,🟡 Medium,0,0,0
2024-06-06 18:00:00,BIN-03,Residential A,80,43.9,0,18,2024-06-06,Thu,🟡 Medium,0,0,0
2024-06-06 20:00:00,BIN-03,Residential A,80,44.9,0,20,2024-06-06,Thu,🟡 Medium,0,0,0
2024-06-06 22:00:00,BIN-03,Residential A,80,45.9,0,22,2024-06-06,Thu,🟡 Medium,0,0,0
2024-06-07 00:00:00,BIN-03,Residential A,80,46.2,0,0,2024-06-07,Fri,🟡 Medium,0,0,0
2024-06-07 02:00:00,BIN-03,Residential A,80,46.4,0,2,2024-06-07,Fri,🟡 Medium,0,0,0
2024-06-07 04:00:00,BIN-03,Residential A,80,46.5,0,4,2024-06-07,Fri,🟡 Medium,0,0,0
2024-06-07 06:00:00,BIN-03,Residential A,80,46.8,0,6,2024-06-07,Fri,🟡 Medium,0,0,0
2024-06-07 08:00:00,BIN-03,Residential A,80,47.5,0,8,2024-06-07,Fri,🟡 Medium,0,0,0
2024-06-07 10:00:00,BIN-03,Residential A,80,48.5,0,10,2024-06-07,Fri,🟡 Medium,0,0,0
2024-06-07 12:00:00,BIN-03,Residential A,80,49.5,0,12,2024-06-07,Fri,🟡 Medium,0,0,0
2024-06-07 14:00:00,BIN-03,Residential A,80,50.5,0,14,2024-06-07,Fri,🟡 Medium,0,0,0
2024-06-07 16:00:00,BIN-03,Residential A,80,51.1,0,16,2024-06-07,Fri,🟡 Medium,0,0,0
2024-06-07 18:00:00,BIN-03,Residential A,80,51.8,0,18,2024-06-07,Fri,🟡 Medium,0,0,0
2024-06-07 20:00:00,BIN-03,Residential A,80,52.8,0,20,2024-06-07,Fri,🟡 Medium,0,0,0
2024-06-07 22:00:00,BIN-03,Residential A,80,53.4,0,22,2024-06-07,Fri,🟡 Medium,0,0,0
2024-06-01 00:00:00,BIN-04,Residential B,80,5.2,0,0,2024-06-01,Sat,🟢 Low,0,0,0
2024-06-01 02:00:00,BIN-04,Residential B,80,5.4,0,2,2024-06-01,Sat,🟢 Low,0,0,0
2024-06-01 04:00:00,BIN-04,Residential B,80,5.7,0,4,2024-06-01,Sat,🟢 Low,0,0,0
2024-06-01 06:00:00,BIN-04,Residential B,80,6.0,0,6,2024-06-01,Sat,🟢 Low,0,0,0
2024-06-01 08:00:00,BIN-04,Residential B,80,6.9,0,8,2024-06-01,Sat,🟢 Low,0,0,0
2024-06-01 10:00:00,BIN-04,Residential B,80,7.5,0,10,2024-06-01,Sat,🟢 Low,0,0,0
2024-06-01 12:00:00,BIN-04,Residential B,80,8.5,0,12,2024-06-01,Sat,🟢 Low,0,0,0
2024-06-01 14:00:00,BIN-04,Residential B,80,9.7,0,14,2024-06-01,Sat,🟢 Low,0,0,0
2024-06-01 16:00:00,BIN-04,Residential B,80,10.3,0,16,2024-06-01,Sat,🟢 Low,0,0,0
2024-06-01 18:00:00,BIN-04,Residential B,80,11.2,0,18,2024-06-01,Sat,🟢 Low,0,0,0
2024-06-01 20:00:00,BIN-04,Residential B,80,12.3,0,20,2024-06-01,Sat,🟢 Low,0,0,0
2024-06-01 22:00:00,BIN-04,Residential B,80,13.4,0,22,2024-06-01,Sat,🟢 Low,0,0,0
2024-06-02 00:00:00,BIN-04,Residential B,80,13.7,0,0,2024-06-02,Sun,🟢 Low,0,0,0
2024-06-02 02:00:00,BIN-04,Residential B,80,13.9,0,2,2024-06-02,Sun,🟢 Low,0,0,0
2024-06-02 04:00:00,BIN-04,Residential B,80,14.1,0,4,2024-06-02,Sun,🟢 Low,0,0,0
2024-06-02 06:00:00,BIN-04,Residential B,80,14.3,0,6,2024-06-02,Sun,🟢 Low,0,0,0
2024-06-02 08:00:00,BIN-04,Residential B,80,15.4,0,8,2024-06-02,Sun,🟢 Low,0,0,0
2024-06-02 10:00:00,BIN-04,Residential B,80,16.5,0,10,2024-06-02,Sun,🟢 Low,0,0,0
2024-06-02 12:00:00,BIN-04,Residential B,80,17.6,0,12,2024-06-02,Sun,🟢 Low,0,0,0
2024-06-02 14:00:00,BIN-04,Residential B,80,18.8,0,14,2024-06-02,Sun,🟢 Low,0,0,0
2024-06-02 16:00:00,BIN-04,Residential B,80,19.7,0,16,2024-06-02,Sun,🟢 Low,0,0,0
2024-06-02 18:00:00,BIN-04,Residential B,80,20.6,0,18,2024-06-02,Sun,🟢 Low,0,0,0
2024-06-02 20:00:00,BIN-04,Residential B,80,21.7,0,20,2024-06-02,Sun,🟢 Low,0,0,0
2024-06-02 22:00:00,BIN-04,Residential B,80,22.6,0,22,2024-06-02,Sun,🟢 Low,0,0,0
2024-06-03 00:00:00,BIN-04,Residential B,80,22.9,0,0,2024-06-03,Mon,🟢 Low,0,0,0
2024-06-03 02:00:00,BIN-04,Residential B,80,23.2,0,2,2024-06-03,Mon,🟢 Low,0,0,0
2024-06-03 04:00:00,BIN-04,Residential B,80,23.5,0,4,2024-06-03,Mon,🟢 Low,0,0,0
2024-06-03 06:00:00,BIN-04,Residential B,80,23.7,0,6,2024-06-03,Mon,🟢 Low,0,0,0
2024-06-03 08:00:00,BIN-04,Residential B,80,24.5,0,8,2024-06-03,Mon,🟢 Low,0,0,0
2024-06-03 10:00:00,BIN-04,Residential B,80,25.1,0,10,2024-06-03,Mon,🟢 Low,0,0,0
2024-06-03 12:00:00,BIN-04,Residential B,80,26.0,0,12,2024-06-03,Mon,🟢 Low,0,0,0
2024-06-03 14:00:00,BIN-04,Residential B,80,26.6,0,14,2024-06-03,Mon,🟢 Low,0,0,0
2024-06-03 16:00:00,BIN-04,Residential B,80,27.4,0,16,2024-06-03,Mon,🟢 Low,0,0,0
2024-06-03 18:00:00,BIN-04,Residential B,80,28.3,0,18,2024-06-03,Mon,🟢 Low,0,0,0
2024-06-03 20:00:00,BIN-04,Residential B,80,29.0,0,20,2024-06-03,Mon,🟢 Low,0,0,0
2024-06-03 22:00:00,BIN-04,Residential B,80,30.0,0,22,2024-06-03,Mon,🟢 Low,0,0,0
2024-06-04 00:00:00,BIN-04,Residential B,80,30.1,0,0,2024-06-04,Tue,🟢 Low,0,0,0
2024-06-04 02:00:00,BIN-04,Residential B,80,30.3,0,2,2024-06-04,Tue,🟢 Low,0,0,0
2024-06-04 04:00:00,BIN-04,Residential B,80,30.6,0,4,2024-06-04,Tue,🟢 Low,0,0,0
2024-06-04 06:00:00,BIN-04,Residential B,80,30.8,0,6,2024-06-04,Tue,🟢 Low,0,0,0
2024-06-04 08:00:00,BIN-04,Residential B,80,31.4,0,8,2024-06-04,Tue,🟢 Low,0,0,0
2024-06-04 10:00:00,BIN-04,Residential B,80,32.3,0,10,2024-06-04,Tue,🟢 Low,0,0,0
2024-06-04 12:00:00,BIN-04,Residential B,80,33.3,0,12,2024-06-04,Tue,🟢 Low,0,0,0
2024-06-04 14:00:00,BIN-04,Residential B,80,34.0,0,14,2024-06-04,Tue,🟢 Low,0,0,0
2024-06-04 16:00:00,BIN-04,Residential B,80,35.0,0,16,2024-06-04,Tue,🟢 Low,0,0,0
2024-06-04 18:00:00,BIN-04,Residential B,80,35.6,0,18,2024-06-04,Tue,🟢 Low,0,0,0
2024-06-04 20:00:00,BIN-04,Residential B,80,36.1,0,20,2024-06-04,Tue,🟢 Low,0,0,0
2024-06-04 22:00:00,BIN-04,Residential B,80,37.0,0,22,2024-06-04,Tue,🟢 Low,0,0,0
2024-06-05 00:00:00,BIN-04,Residential B,80,37.3,0,0,2024-06-05,Wed,🟢 Low,0,0,0
2024-06-05 02:00:00,BIN-04,Residential B,80,37.5,0,2,2024-06-05,Wed,🟢 Low,0,0,0
2024-06-05 04:00:00,BIN-04,Residential B,80,37.8,0,4,2024-06-05,Wed,🟢 Low,0,0,0
2024-06-05 06:00:00,BIN-04,Residential B,80,38.1,0,6,2024-06-05,Wed,🟢 Low,0,0,0
2024-06-05 08:00:00,BIN-04,Residential B,80,39.0,0,8,2024-06-05,Wed,🟢 Low,0,0,0
2024-06-05 10:00:00,BIN-04,Residential B,80,39.8,0,10,2024-06-05,Wed,🟢 Low,0,0,0
2024-06-05 12:00:00,BIN-04,Residential B,80,40.8,0,12,2024-06-05,Wed,🟡 Medium,0,0,0
2024-06-05 14:00:00,BIN-04,Residential B,80,41.6,0,14,2024-06-05,Wed,🟡 Medium,0,0,0
2024-06-05 16:00:00,BIN-04,Residential B,80,42.4,0,16,2024-06-05,Wed,🟡 Medium,0,0,0
2024-06-05 18:00:00,BIN-04,Residential B,80,43.0,0,18,2024-06-05,Wed,🟡 Medium,0,0,0
2024-06-05 20:00:00,BIN-04,Residential B,80,43.5,0,20,2024-06-05,Wed,🟡 Medium,0,0,0
2024-06-05 22:00:00,BIN-04,Residential B,80,44.7,0,22,2024-06-05,Wed,🟡 Medium,0,0,0
2024-06-06 00:00:00,BIN-04,Residential B,80,45.0,0,0,2024-06-06,Thu,🟡 Medium,0,0,0
2024-06-06 02:00:00,BIN-04,Residential B,80,45.3,0,2,2024-06-06,Thu,🟡 Medium,0,0,0
2024-06-06 04:00:00,BIN-04,Residential B,80,45.5,0,4,2024-06-06,Thu,🟡 Medium,0,0,0
2024-06-06 06:00:00,BIN-04,Residential B,80,45.7,0,6,2024-06-06,Thu,🟡 Medium,0,0,0
2024-06-06 08:00:00,BIN-04,Residential B,80,46.3,0,8,2024-06-06,Thu,🟡 Medium,0,0,0
2024-06-06 10:00:00,BIN-04,Residential B,80,47.0,0,10,2024-06-06,Thu,🟡 Medium,0,0,0
2024-06-06 12:00:00,BIN-04,Residential B,80,47.9,0,12,2024-06-06,Thu,🟡 Medium,0,0,0
2024-06-06 14:00:00,BIN-04,Residential B,80,48.9,0,14,2024-06-06,Thu,🟡 Medium,0,0,0
2024-06-06 16:00:00,BIN-04,Residential B,80,49.9,0,16,2024-06-06,Thu,🟡 Medium,0,0,0
2024-06-06 18:00:00,BIN-04,Residential B,80,50.6,0,18,2024-06-06,Thu,🟡 Medium,0,0,0
2024-06-06 20:00:00,BIN-04,Residential B,80,51.8,0,20,2024-06-06,Thu,🟡 Medium,0,0,0
2024-06-06 22:00:00,BIN-04,Residential B,80,52.9,0,22,2024-06-06,Thu,🟡 Medium,0,0,0
2024-06-07 00:00:00,BIN-04,Residential B,80,53.1,0,0,2024-06-07,Fri,🟡 Medium,0,0,0
2024-06-07 02:00:00,BIN-04,Residential B,80,53.4,0,2,2024-06-07,Fri,🟡 Medium,0,0,0
2024-06-07 04:00:00,BIN-04,Residential B,80,53.6,0,4,2024-06-07,Fri,🟡 Medium,0,0,0
2024-06-07 06:00:00,BIN-04,Residential B,80,53.8,0,6,2024-06-07,Fri,🟡 Medium,0,0,0
2024-06-07 08:00:00,BIN-04,Residential B,80,54.5,0,8,2024-06-07,Fri,🟡 Medium,0,0,0
2024-06-07 10:00:00,BIN-04,Residential B,80,55.6,0,10,2024-06-07,Fri,🟡 Medium,0,0,0
2024-06-07 12:00:00,BIN-04,Residential B,80,56.1,0,12,2024-06-07,Fri,🟡 Medium,0,0,0
2024-06-07 14:00:00,BIN-04,Residential B,80,56.7,0,14,2024-06-07,Fri,🟡 Medium,0,0,0
2024-06-07 16:00:00,BIN-04,Residential B,80,57.3,0,16,2024-06-07,Fri,🟡 Medium,0,0,0
2024-06-07 18:00:00,BIN-04,Residential B,80,57.9,0,18,2024-06-07,Fri,🟡 Medium,0,0,0
2024-06-07 20:00:00,BIN-04,Residential B,80,59.0,0,20,2024-06-07,Fri,🟡 Medium,0,0,0
2024-06-07 22:00:00,BIN-04,Residential B,80,60.0,0,22,2024-06-07,Fri,🟡 Medium,0,0,0
2024-06-01 00:00:00,BIN-05,College Campus,100,5.3,0,0,2024-06-01,Sat,🟢 Low,0,0,0
2024-06-01 02:00:00,BIN-05,College Campus,100,5.5,0,2,2024-06-01,Sat,🟢 Low,0,0,0
2024-06-01 04:00:00,BIN-05,College Campus,100,5.8,0,4,2024-06-01,Sat,🟢 Low,0,0,0
2024-06-01 06:00:00,BIN-05,College Campus,100,6.1,0,6,2024-06-01,Sat,🟢 Low,0,0,0
2024-06-01 08:00:00,BIN-05,College Campus,100,6.9,0,8,2024-06-01,Sat,🟢 Low,0,0,0
2024-06-01 10:00:00,BIN-05,College Campus,100,8.0,0,10,2024-06-01,Sat,🟢 Low,0,0,0
2024-06-01 12:00:00,BIN-05,College Campus,100,9.0,0,12,2024-06-01,Sat,🟢 Low,0,0,0
2024-06-01 14:00:00,BIN-05,College Campus,100,10.2,0,14,2024-06-01,Sat,🟢 Low,0,0,0
2024-06-01 16:00:00,BIN-05,College Campus,100,11.5,0,16,2024-06-01,Sat,🟢 Low,0,0,0
2024-06-01 18:00:00,BIN-05,College Campus,100,12.2,0,18,2024-06-01,Sat,🟢 Low,0,0,0
2024-06-01 20:00:00,BIN-05,College Campus,100,13.2,0,20,2024-06-01,Sat,🟢 Low,0,0,0
2024-06-01 22:00:00,BIN-05,College Campus,100,14.5,0,22,2024-06-01,Sat,🟢 Low,0,0,0
2024-06-02 00:00:00,BIN-05,College Campus,100,14.8,0,0,2024-06-02,Sun,🟢 Low,0,0,0
2024-06-02 02:00:00,BIN-05,College Campus,100,15.1,0,2,2024-06-02,Sun,🟢 Low,0,0,0
2024-06-02 04:00:00,BIN-05,College Campus,100,15.5,0,4,2024-06-02,Sun,🟢 Low,0,0,0
2024-06-02 06:00:00,BIN-05,College Campus,100,15.7,0,6,2024-06-02,Sun,🟢 Low,0,0,0
2024-06-02 08:00:00,BIN-05,College Campus,100,16.4,0,8,2024-06-02,Sun,🟢 Low,0,0,0
2024-06-02 10:00:00,BIN-05,College Campus,100,17.7,0,10,2024-06-02,Sun,🟢 Low,0,0,0
2024-06-02 12:00:00,BIN-05,College Campus,100,18.4,0,12,2024-06-02,Sun,🟢 Low,0,0,0
2024-06-02 14:00:00,BIN-05,College Campus,100,19.6,0,14,2024-06-02,Sun,🟢 Low,0,0,0
2024-06-02 16:00:00,BIN-05,College Campus,100,21.1,0,16,2024-06-02,Sun,🟢 Low,0,0,0
2024-06-02 18:00:00,BIN-05,College Campus,100,22.3,0,18,2024-06-02,Sun,🟢 Low,0,0,0
2024-06-02 20:00:00,BIN-05,College Campus,100,23.3,0,20,2024-06-02,Sun,🟢 Low,0,0,0
2024-06-02 22:00:00,BIN-05,College Campus,100,24.6,0,22,2024-06-02,Sun,🟢 Low,0,0,0
2024-06-03 00:00:00,BIN-05,College Campus,100,24.9,0,0,2024-06-03,Mon,🟢 Low,0,0,0
2024-06-03 02:00:00,BIN-05,College Campus,100,25.2,0,2,2024-06-03,Mon,🟢 Low,0,0,0
2024-06-03 04:00:00,BIN-05,College Campus,100,25.6,0,4,2024-06-03,Mon,🟢 Low,0,0,0
2024-06-03 06:00:00,BIN-05,College Campus,100,25.9,0,6,2024-06-03,Mon,🟢 Low,0,0,0
2024-06-03 08:00:00,BIN-05,College Campus,100,27.4,0,8,2024-06-03,Mon,🟢 Low,0,0,0
2024-06-03 10:00:00,BIN-05,College Campus,100,28.9,0,10,2024-06-03,Mon,🟢 Low,0,0,0
2024-06-03 12:00:00,BIN-05,College Campus,100,29.8,0,12,2024-06-03,Mon,🟢 Low,0,0,0
2024-06-03 14:00:00,BIN-05,College Campus,100,30.5,0,14,2024-06-03,Mon,🟢 Low,0,0,0
2024-06-03 16:00:00,BIN-05,College Campus,100,31.3,0,16,2024-06-03,Mon,🟢 Low,0,0,0
2024-06-03 18:00:00,BIN-05,College Campus,100,31.9,0,18,2024-06-03,Mon,🟢 Low,0,0,0
2024-06-03 20:00:00,BIN-05,College Campus,100,32.7,0,20,2024-06-03,Mon,🟢 Low,0,0,0
2024-06-03 22:00:00,BIN-05,College Campus,100,34.0,0,22,2024-06-03,Mon,🟢 Low,0,0,0
2024-06-04 00:00:00,BIN-05,College Campus,100,34.2,0,0,2024-06-04,Tue,🟢 Low,0,0,0
2024-06-04 02:00:00,BIN-05,College Campus,100,34.4,0,2,2024-06-04,Tue,🟢 Low,0,0,0
2024-06-04 04:00:00,BIN-05,College Campus,100,34.8,0,4,2024-06-04,Tue,🟢 Low,0,0,0
2024-06-04 06:00:00,BIN-05,College Campus,100,35.0,0,6,2024-06-04,Tue,🟢 Low,0,0,0
2024-06-04 08:00:00,BIN-05,College Campus,100,36.4,0,8,2024-06-04,Tue,🟢 Low,0,0,0
2024-06-04 10:00:00,BIN-05,College Campus,100,37.4,0,10,2024-06-04,Tue,🟢 Low,0,0,0
2024-06-04 12:00:00,BIN-05,College Campus,100,38.1,0,12,2024-06-04,Tue,🟢 Low,0,0,0
2024-06-04 14:00:00,BIN-05,College Campus,100,39.4,0,14,2024-06-04,Tue,🟢 Low,0,0,0
2024-06-04 16:00:00,BIN-05,College Campus,100,40.7,0,16,2024-06-04,Tue,🟡 Medium,0,0,0
2024-06-04 18:00:00,BIN-05,College Campus,100,42.1,0,18,2024-06-04,Tue,🟡 Medium,0,0,0
2024-06-04 20:00:00,BIN-05,College Campus,100,43.5,0,20,2024-06-04,Tue,🟡 Medium,0,0,0
2024-06-04 22:00:00,BIN-05,College Campus,100,44.9,0,22,2024-06-04,Tue,🟡 Medium,0,0,0
2024-06-05 00:00:00,BIN-05,College Campus,100,45.1,0,0,2024-06-05,Wed,🟡 Medium,0,0,0
2024-06-05 02:00:00,BIN-05,College Campus,100,45.3,0,2,2024-06-05,Wed,🟡 Medium,0,0,0
2024-06-05 04:00:00,BIN-05,College Campus,100,45.7,0,4,2024-06-05,Wed,🟡 Medium,0,0,0
2024-06-05 06:00:00,BIN-05,College Campus,100,46.1,0,6,2024-06-05,Wed,🟡 Medium,0,0,0
2024-06-05 08:00:00,BIN-05,College Campus,100,47.6,0,8,2024-06-05,Wed,🟡 Medium,0,0,0
2024-06-05 10:00:00,BIN-05,College Campus,100,48.7,0,10,2024-06-05,Wed,🟡 Medium,0,0,0
2024-06-05 12:00:00,BIN-05,College Campus,100,49.7,0,12,2024-06-05,Wed,🟡 Medium,0,0,0
2024-06-05 14:00:00,BIN-05,College Campus,100,51.1,0,14,2024-06-05,Wed,🟡 Medium,0,0,0
2024-06-05 16:00:00,BIN-05,College Campus,100,52.1,0,16,2024-06-05,Wed,🟡 Medium,0,0,0
2024-06-05 18:00:00,BIN-05,College Campus,100,53.6,0,18,2024-06-05,Wed,🟡 Medium,0,0,0
2024-06-05 20:00:00,BIN-05,College Campus,100,55.0,0,20,2024-06-05,Wed,🟡 Medium,0,0,0
2024-06-05 22:00:00,BIN-05,College Campus,100,56.1,0,22,2024-06-05,Wed,🟡 Medium,0,0,0
2024-06-06 00:00:00,BIN-05,College Campus,100,56.4,0,0,2024-06-06,Thu,🟡 Medium,0,0,0
2024-06-06 02:00:00,BIN-05,College Campus,100,56.8,0,2,2024-06-06,Thu,🟡 Medium,0,0,0
2024-06-06 04:00:00,BIN-05,College Campus,100,57.0,0,4,2024-06-06,Thu,🟡 Medium,0,0,0
2024-06-06 06:00:00,BIN-05,College Campus,100,57.4,0,6,2024-06-06,Thu,🟡 Medium,0,0,0
2024-06-06 08:00:00,BIN-05,College Campus,100,58.5,0,8,2024-06-06,Thu,🟡 Medium,0,0,0
2024-06-06 10:00:00,BIN-05,College Campus,100,60.0,0,10,2024-06-06,Thu,🟡 Medium,0,0,0
2024-06-06 12:00:00,BIN-05,College Campus,100,60.9,0,12,2024-06-06,Thu,🟡 Medium,0,0,0
2024-06-06 14:00:00,BIN-05,College Campus,100,62.4,0,14,2024-06-06,Thu,🟡 Medium,0,0,0
2024-06-06 16:00:00,BIN-05,College Campus,100,63.4,0,16,2024-06-06,Thu,🟡 Medium,0,0,0
2024-06-06 18:00:00,BIN-05,College Campus,100,64.1,0,18,2024-06-06,Thu,🟡 Medium,0,0,0
2024-06-06 20:00:00,BIN-05,College Campus,100,65.6,0,20,2024-06-06,Thu,🟡 Medium,0,0,0
2024-06-06 22:00:00,BIN-05,College Campus,100,66.4,0,22,2024-06-06,Thu,🟡 Medium,0,0,0
2024-06-07 00:00:00,BIN-05,College Campus,100,66.6,0,0,2024-06-07,Fri,🟡 Medium,0,0,0
2024-06-07 02:00:00,BIN-05,College Campus,100,67.0,0,2,2024-06-07,Fri,🟡 Medium,0,0,0
2024-06-07 04:00:00,BIN-05,College Campus,100,67.4,0,4,2024-06-07,Fri,🟡 Medium,0,0,0
2024-06-07 06:00:00,BIN-05,College Campus,100,67.7,0,6,2024-06-07,Fri,🟡 Medium,0,0,0
2024-06-07 08:00:00,BIN-05,College Campus,100,69.0,0,8,2024-06-07,Fri,🟡 Medium,0,0,0
2024-06-07 10:00:00,BIN-05,College Campus,100,70.1,0,10,2024-06-07,Fri,🟠 High,1,0,0
2024-06-07 12:00:00,BIN-05,College Campus,100,71.0,0,12,2024-06-07,Fri,🟠 High,1,0,0
2024-06-07 14:00:00,BIN-05,College Campus,100,72.0,0,14,2024-06-07,Fri,🟠 High,1,0,0
2024-06-07 16:00:00,BIN-05,College Campus,100,73.3,0,16,2024-06-07,Fri,🟠 High,1,0,0
2024-06-07 18:00:00,BIN-05,College Campus,100,74.6,0,18,2024-06-07,Fri,🟠 High,1,0,0
2024-06-07 20:00:00,BIN-05,College Campus,100,76.0,0,20,2024-06-07,Fri,🟠 High,1,0,1
2024-06-07 22:00:00,BIN-05,College Campus,100,77.4,0,22,2024-06-07,Fri,🟠 High,1,0,1
2024-06-01 00:00:00,BIN-06,College Campus,100,5.4,0,0,2024-06-01,Sat,🟢 Low,0,0,0
2024-06-01 02:00:00,BIN-06,College Campus,100,5.9,0,2,2024-06-01,Sat,🟢 Low,0,0,0
2024-06-01 04:00:00,BIN-06,College Campus,100,6.2,0,4,2024-06-01,Sat,🟢 Low,0,0,0
2024-06-01 06:00:00,BIN-06,College Campus,100,6.8,0,6,2024-06-01,Sat,🟢 Low,0,0,0
2024-06-01 08:00:00,BIN-06,College Campus,100,8.7,0,8,2024-06-01,Sat,🟢 Low,0,0,0
2024-06-01 10:00:00,BIN-06,College Campus,100,11.3,0,10,2024-06-01,Sat,🟢 Low,0,0,0
2024-06-01 12:00:00,BIN-06,College Campus,100,13.1,0,12,2024-06-01,Sat,🟢 Low,0,0,0
2024-06-01 14:00:00,BIN-06,College Campus,100,14.5,0,14,2024-06-01,Sat,🟢 Low,0,0,0
2024-06-01 16:00:00,BIN-06,College Campus,100,15.9,0,16,2024-06-01,Sat,🟢 Low,0,0,0
2024-06-01 18:00:00,BIN-06,College Campus,100,18.3,0,18,2024-06-01,Sat,🟢 Low,0,0,0
2024-06-01 20:00:00,BIN-06,College Campus,100,20.5,0,20,2024-06-01,Sat,🟢 Low,0,0,0
2024-06-01 22:00:00,BIN-06,College Campus,100,21.9,0,22,2024-06-01,Sat,🟢 Low,0,0,0
2024-06-02 00:00:00,BIN-06,College Campus,100,22.2,0,0,2024-06-02,Sun,🟢 Low,0,0,0
2024-06-02 02:00:00,BIN-06,College Campus,100,22.8,0,2,2024-06-02,Sun,🟢 Low,0,0,0
2024-06-02 04:00:00,BIN-06,College Campus,100,23.2,0,4,2024-06-02,Sun,🟢 Low,0,0,0
2024-06-02 06:00:00,BIN-06,College Campus,100,23.9,0,6,2024-06-02,Sun,🟢 Low,0,0,0
2024-06-02 08:00:00,BIN-06,College Campus,100,26.2,0,8,2024-06-02,Sun,🟢 Low,0,0,0
2024-06-02 10:00:00,BIN-06,College Campus,100,27.5,0,10,2024-06-02,Sun,🟢 Low,0,0,0
2024-06-02 12:00:00,BIN-06,College Campus,100,28.9,0,12,2024-06-02,Sun,🟢 Low,0,0,0
2024-06-02 14:00:00,BIN-06,College Campus,100,31.6,0,14,2024-06-02,Sun,🟢 Low,0,0,0
2024-06-02 16:00:00,BIN-06,College Campus,100,33.4,0,16,2024-06-02,Sun,🟢 Low,0,0,0
2024-06-02 18:00:00,BIN-06,College Campus,100,35.2,0,18,2024-06-02,Sun,🟢 Low,0,0,0
2024-06-02 20:00:00,BIN-06,College Campus,100,37.7,0,20,2024-06-02,Sun,🟢 Low,0,0,0
2024-06-02 22:00:00,BIN-06,College Campus,100,40.4,0,22,2024-06-02,Sun,🟡 Medium,0,0,0
2024-06-03 00:00:00,BIN-06,College Campus,100,41.2,0,0,2024-06-03,Mon,🟡 Medium,0,0,0
2024-06-03 02:00:00,BIN-06,College Campus,100,41.8,0,2,2024-06-03,Mon,🟡 Medium,0,0,0
2024-06-03 04:00:00,BIN-06,College Campus,100,42.3,0,4,2024-06-03,Mon,🟡 Medium,0,0,0
2024-06-03 06:00:00,BIN-06,College Campus,100,42.7,0,6,2024-06-03,Mon,🟡 Medium,0,0,0
2024-06-03 08:00:00,BIN-06,College Campus,100,45.1,0,8,2024-06-03,Mon,🟡 Medium,0,0,0
2024-06-03 10:00:00,BIN-06,College Campus,100,47.2,0,10,2024-06-03,Mon,🟡 Medium,0,0,0
2024-06-03 12:00:00,BIN-06,College Campus,100,49.1,0,12,2024-06-03,Mon,🟡 Medium,0,0,0
2024-06-03 14:00:00,BIN-06,College Campus,100,51.7,0,14,2024-06-03,Mon,🟡 Medium,0,0,0
2024-06-03 16:00:00,BIN-06,College Campus,100,53.1,0,16,2024-06-03,Mon,🟡 Medium,0,0,0
2024-06-03 18:00:00,BIN-06,College Campus,100,55.1,0,18,2024-06-03,Mon,🟡 Medium,0,0,0
2024-06-03 20:00:00,BIN-06,College Campus,100,56.3,0,20,2024-06-03,Mon,🟡 Medium,0,0,0
2024-06-03 22:00:00,BIN-06,College Campus,100,58.3,0,22,2024-06-03,Mon,🟡 Medium,0,0,0
2024-06-04 00:00:00,BIN-06,College Campus,100,58.6,0,0,2024-06-04,Tue,🟡 Medium,0,0,0
2024-06-04 02:00:00,BIN-06,College Campus,100,59.0,0,2,2024-06-04,Tue,🟡 Medium,0,0,0
2024-06-04 04:00:00,BIN-06,College Campus,100,59.3,0,4,2024-06-04,Tue,🟡 Medium,0,0,0
2024-06-04 06:00:00,BIN-06,College Campus,100,59.9,0,6,2024-06-04,Tue,🟡 Medium,0,0,0
2024-06-04 08:00:00,BIN-06,College Campus,100,62.3,0,8,2024-06-04,Tue,🟡 Medium,0,0,0
2024-06-04 10:00:00,BIN-06,College Campus,100,64.5,0,10,2024-06-04,Tue,🟡 Medium,0,0,0
2024-06-04 12:00:00,BIN-06,College Campus,100,67.2,0,12,2024-06-04,Tue,🟡 Medium,0,0,0
2024-06-04 14:00:00,BIN-06,College Campus,100,69.0,0,14,2024-06-04,Tue,🟡 Medium,0,0,0
2024-06-04 16:00:00,BIN-06,College Campus,100,70.7,0,16,2024-06-04,Tue,🟠 High,1,0,0
2024-06-04 18:00:00,BIN-06,College Campus,100,73.3,0,18,2024-06-04,Tue,🟠 High,1,0,0
2024-06-04 20:00:00,BIN-06,College Campus,100,74.8,0,20,2024-06-04,Tue,🟠 High,1,0,0
2024-06-04 22:00:00,BIN-06,College Campus,100,77.6,0,22,2024-06-04,Tue,🟠 High,1,0,1
2024-06-05 00:00:00,BIN-06,College Campus,100,77.9,0,0,2024-06-05,Wed,🟠 High,1,0,1
2024-06-05 02:00:00,BIN-06,College Campus,100,78.6,0,2,2024-06-05,Wed,🟠 High,1,0,1
2024-06-05 04:00:00,BIN-06,College Campus,100,79.0,0,4,2024-06-05,Wed,🟠 High,1,0,1
2024-06-05 06:00:00,BIN-06,College Campus,100,79.7,0,6,2024-06-05,Wed,🟠 High,1,0,1
2024-06-05 08:00:00,BIN-06,College Campus,100,81.7,0,8,2024-06-05,Wed,🟠 High,1,0,1
2024-06-05 10:00:00,BIN-06,College Campus,100,84.5,0,10,2024-06-05,Wed,🟠 High,1,0,1
2024-06-05 12:00:00,BIN-06,College Campus,100,5.3,1,12,2024-06-05,Wed,🟢 Low,0,0,0
2024-06-05 14:00:00,BIN-06,College Campus,100,8.1,0,14,2024-06-05,Wed,🟢 Low,0,0,0
2024-06-05 16:00:00,BIN-06,College Campus,100,10.1,0,16,2024-06-05,Wed,🟢 Low,0,0,0
2024-06-05 18:00:00,BIN-06,College Campus,100,12.3,0,18,2024-06-05,Wed,🟢 Low,0,0,0
2024-06-05 20:00:00,BIN-06,College Campus,100,14.6,0,20,2024-06-05,Wed,🟢 Low,0,0,0
2024-06-05 22:00:00,BIN-06,College Campus,100,16.6,0,22,2024-06-05,Wed,🟢 Low,0,0,0
2024-06-06 00:00:00,BIN-06,College Campus,100,17.1,0,0,2024-06-06,Thu,🟢 Low,0,0,0
2024-06-06 02:00:00,BIN-06,College Campus,100,17.7,0,2,2024-06-06,Thu,🟢 Low,0,0,0
2024-06-06 04:00:00,BIN-06,College Campus,100,18.4,0,4,2024-06-06,Thu,🟢 Low,0,0,0
2024-06-06 06:00:00,BIN-06,College Campus,100,18.8,0,6,2024-06-06,Thu,🟢 Low,0,0,0
2024-06-06 08:00:00,BIN-06,College Campus,100,20.4,0,8,2024-06-06,Thu,🟢 Low,0,0,0
2024-06-06 10:00:00,BIN-06,College Campus,100,23.1,0,10,2024-06-06,Thu,🟢 Low,0,0,0
2024-06-06 12:00:00,BIN-06,College Campus,100,25.8,0,12,2024-06-06,Thu,🟢 Low,0,0,0
2024-06-06 14:00:00,BIN-06,College Campus,100,27.7,0,14,2024-06-06,Thu,🟢 Low,0,0,0
2024-06-06 16:00:00,BIN-06,College Campus,100,29.9,0,16,2024-06-06,Thu,🟢 Low,0,0,0
2024-06-06 18:00:00,BIN-06,College Campus,100,31.5,0,18,2024-06-06,Thu,🟢 Low,0,0,0
2024-06-06 20:00:00,BIN-06,College Campus,100,33.0,0,20,2024-06-06,Thu,🟢 Low,0,0,0
2024-06-06 22:00:00,BIN-06,College Campus,100,35.0,0,22,2024-06-06,Thu,🟢 Low,0,0,0
2024-06-07 00:00:00,BIN-06,College Campus,100,35.4,0,0,2024-06-07,Fri,🟢 Low,0,0,0
2024-06-07 02:00:00,BIN-06,College Campus,100,36.0,0,2,2024-06-07,Fri,🟢 Low,0,0,0
2024-06-07 04:00:00,BIN-06,College Campus,100,36.4,0,4,2024-06-07,Fri,🟢 Low,0,0,0
2024-06-07 06:00:00,BIN-06,College Campus,100,37.1,0,6,2024-06-07,Fri,🟢 Low,0,0,0
2024-06-07 08:00:00,BIN-06,College Campus,100,39.9,0,8,2024-06-07,Fri,🟢 Low,0,0,0
2024-06-07 10:00:00,BIN-06,College Campus,100,42.2,0,10,2024-06-07,Fri,🟡 Medium,0,0,0
2024-06-07 12:00:00,BIN-06,College Campus,100,44.2,0,12,2024-06-07,Fri,🟡 Medium,0,0,0
2024-06-07 14:00:00,BIN-06,College Campus,100,45.9,0,14,2024-06-07,Fri,🟡 Medium,0,0,0
2024-06-07 16:00:00,BIN-06,College Campus,100,48.4,0,16,2024-06-07,Fri,🟡 Medium,0,0,0
2024-06-07 18:00:00,BIN-06,College Campus,100,50.7,0,18,2024-06-07,Fri,🟡 Medium,0,0,0
2024-06-07 20:00:00,BIN-06,College Campus,100,52.2,0,20,2024-06-07,Fri,🟡 Medium,0,0,0
2024-06-07 22:00:00,BIN-06,College Campus,100,54.9,0,22,2024-06-07,Fri,🟡 Medium,0,0,0
2024-06-01 00:00:00,BIN-07,Bus Stand,150,5.7,0,0,2024-06-01,Sat,🟢 Low,0,0,0
2024-06-01 02:00:00,BIN-07,Bus Stand,150,6.4,0,2,2024-06-01,Sat,🟢 Low,0,0,0
2024-06-01 04:00:00,BIN-07,Bus Stand,150,7.0,0,4,2024-06-01,Sat,🟢 Low,0,0,0
2024-06-01 06:00:00,BIN-07,Bus Stand,150,7.6,0,6,2024-06-01,Sat,🟢 Low,0,0,0
2024-06-01 08:00:00,BIN-07,Bus Stand,150,9.5,0,8,2024-06-01,Sat,🟢 Low,0,0,0
2024-06-01 10:00:00,BIN-07,Bus Stand,150,12.2,0,10,2024-06-01,Sat,🟢 Low,0,0,0
2024-06-01 12:00:00,BIN-07,Bus Stand,150,14.8,0,12,2024-06-01,Sat,🟢 Low,0,0,0
2024-06-01 14:00:00,BIN-07,Bus Stand,150,16.0,0,14,2024-06-01,Sat,🟢 Low,0,0,0
2024-06-01 16:00:00,BIN-07,Bus Stand,150,17.3,0,16,2024-06-01,Sat,🟢 Low,0,0,0
2024-06-01 18:00:00,BIN-07,Bus Stand,150,19.1,0,18,2024-06-01,Sat,🟢 Low,0,0,0
2024-06-01 20:00:00,BIN-07,Bus Stand,150,21.6,0,20,2024-06-01,Sat,🟢 Low,0,0,0
2024-06-01 22:00:00,BIN-07,Bus Stand,150,24.3,0,22,2024-06-01,Sat,🟢 Low,0,0,0
2024-06-02 00:00:00,BIN-07,Bus Stand,150,24.7,0,0,2024-06-02,Sun,🟢 Low,0,0,0
2024-06-02 02:00:00,BIN-07,Bus Stand,150,25.3,0,2,2024-06-02,Sun,🟢 Low,0,0,0
2024-06-02 04:00:00,BIN-07,Bus Stand,150,25.8,0,4,2024-06-02,Sun,🟢 Low,0,0,0
2024-06-02 06:00:00,BIN-07,Bus Stand,150,26.5,0,6,2024-06-02,Sun,🟢 Low,0,0,0
2024-06-02 08:00:00,BIN-07,Bus Stand,150,29.1,0,8,2024-06-02,Sun,🟢 Low,0,0,0
2024-06-02 10:00:00,BIN-07,Bus Stand,150,31.6,0,10,2024-06-02,Sun,🟢 Low,0,0,0
2024-06-02 12:00:00,BIN-07,Bus Stand,150,33.6,0,12,2024-06-02,Sun,🟢 Low,0,0,0
2024-06-02 14:00:00,BIN-07,Bus Stand,150,35.4,0,14,2024-06-02,Sun,🟢 Low,0,0,0
2024-06-02 16:00:00,BIN-07,Bus Stand,150,37.1,0,16,2024-06-02,Sun,🟢 Low,0,0,0
2024-06-02 18:00:00,BIN-07,Bus Stand,150,38.4,0,18,2024-06-02,Sun,🟢 Low,0,0,0
2024-06-02 20:00:00,BIN-07,Bus Stand,150,40.9,0,20,2024-06-02,Sun,🟡 Medium,0,0,0
2024-06-02 22:00:00,BIN-07,Bus Stand,150,43.4,0,22,2024-06-02,Sun,🟡 Medium,0,0,0
2024-06-03 00:00:00,BIN-07,Bus Stand,150,44.2,0,0,2024-06-03,Mon,🟡 Medium,0,0,0
2024-06-03 02:00:00,BIN-07,Bus Stand,150,44.9,0,2,2024-06-03,Mon,🟡 Medium,0,0,0
2024-06-03 04:00:00,BIN-07,Bus Stand,150,45.5,0,4,2024-06-03,Mon,🟡 Medium,0,0,0
2024-06-03 06:00:00,BIN-07,Bus Stand,150,46.1,0,6,2024-06-03,Mon,🟡 Medium,0,0,0
2024-06-03 08:00:00,BIN-07,Bus Stand,150,48.8,0,8,2024-06-03,Mon,🟡 Medium,0,0,0
2024-06-03 10:00:00,BIN-07,Bus Stand,150,51.4,0,10,2024-06-03,Mon,🟡 Medium,0,0,0
2024-06-03 12:00:00,BIN-07,Bus Stand,150,53.0,0,12,2024-06-03,Mon,🟡 Medium,0,0,0
2024-06-03 14:00:00,BIN-07,Bus Stand,150,54.9,0,14,2024-06-03,Mon,🟡 Medium,0,0,0
2024-06-03 16:00:00,BIN-07,Bus Stand,150,56.3,0,16,2024-06-03,Mon,🟡 Medium,0,0,0
2024-06-03 18:00:00,BIN-07,Bus Stand,150,59.1,0,18,2024-06-03,Mon,🟡 Medium,0,0,0
2024-06-03 20:00:00,BIN-07,Bus Stand,150,61.2,0,20,2024-06-03,Mon,🟡 Medium,0,0,0
2024-06-03 22:00:00,BIN-07,Bus Stand,150,62.8,0,22,2024-06-03,Mon,🟡 Medium,0,0,0
2024-06-04 00:00:00,BIN-07,Bus Stand,150,63.4,0,0,2024-06-04,Tue,🟡 Medium,0,0,0
2024-06-04 02:00:00,BIN-07,Bus Stand,150,64.0,0,2,2024-06-04,Tue,🟡 Medium,0,0,0
2024-06-04 04:00:00,BIN-07,Bus Stand,150,64.5,0,4,2024-06-04,Tue,🟡 Medium,0,0,0
2024-06-04 06:00:00,BIN-07,Bus Stand,150,64.8,0,6,2024-06-04,Tue,🟡 Medium,0,0,0
2024-06-04 08:00:00,BIN-07,Bus Stand,150,67.1,0,8,2024-06-04,Tue,🟡 Medium,0,0,0
2024-06-04 10:00:00,BIN-07,Bus Stand,150,69.1,0,10,2024-06-04,Tue,🟡 Medium,0,0,0
2024-06-04 12:00:00,BIN-07,Bus Stand,150,71.6,0,12,2024-06-04,Tue,🟠 High,1,0,0
2024-06-04 14:00:00,BIN-07,Bus Stand,150,73.6,0,14,2024-06-04,Tue,🟠 High,1,0,0
2024-06-04 16:00:00,BIN-07,Bus Stand,150,76.2,0,16,2024-06-04,Tue,🟠 High,1,0,1
2024-06-04 18:00:00,BIN-07,Bus Stand,150,78.2,0,18,2024-06-04,Tue,🟠 High,1,0,1
2024-06-04 20:00:00,BIN-07,Bus Stand,150,80.3,0,20,2024-06-04,Tue,🟠 High,1,0,1
2024-06-04 22:00:00,BIN-07,Bus Stand,150,82.9,0,22,2024-06-04,Tue,🟠 High,1,0,1
2024-06-05 00:00:00,BIN-07,Bus Stand,150,83.4,0,0,2024-06-05,Wed,🟠 High,1,0,1
2024-06-05 02:00:00,BIN-07,Bus Stand,150,83.8,0,2,2024-06-05,Wed,🟠 High,1,0,1
2024-06-05 04:00:00,BIN-07,Bus Stand,150,84.1,0,4,2024-06-05,Wed,🟠 High,1,0,1
2024-06-05 06:00:00,BIN-07,Bus Stand,150,84.8,0,6,2024-06-05,Wed,🟠 High,1,0,1
2024-06-05 08:00:00,BIN-07,Bus Stand,150,6.2,1,8,2024-06-05,Wed,🟢 Low,0,0,0
2024-06-05 10:00:00,BIN-07,Bus Stand,150,7.8,0,10,2024-06-05,Wed,🟢 Low,0,0,0
2024-06-05 12:00:00,BIN-07,Bus Stand,150,9.2,0,12,2024-06-05,Wed,🟢 Low,0,0,0
2024-06-05 14:00:00,BIN-07,Bus Stand,150,10.4,0,14,2024-06-05,Wed,🟢 Low,0,0,0
2024-06-05 16:00:00,BIN-07,Bus Stand,150,12.2,0,16,2024-06-05,Wed,🟢 Low,0,0,0
2024-06-05 18:00:00,BIN-07,Bus Stand,150,14.3,0,18,2024-06-05,Wed,🟢 Low,0,0,0
2024-06-05 20:00:00,BIN-07,Bus Stand,150,16.1,0,20,2024-06-05,Wed,🟢 Low,0,0,0
2024-06-05 22:00:00,BIN-07,Bus Stand,150,18.0,0,22,2024-06-05,Wed,🟢 Low,0,0,0
2024-06-06 00:00:00,BIN-07,Bus Stand,150,18.7,0,0,2024-06-06,Thu,🟢 Low,0,0,0
2024-06-06 02:00:00,BIN-07,Bus Stand,150,19.2,0,2,2024-06-06,Thu,🟢 Low,0,0,0
2024-06-06 04:00:00,BIN-07,Bus Stand,150,19.8,0,4,2024-06-06,Thu,🟢 Low,0,0,0
2024-06-06 06:00:00,BIN-07,Bus Stand,150,20.4,0,6,2024-06-06,Thu,🟢 Low,0,0,0
2024-06-06 08:00:00,BIN-07,Bus Stand,150,22.2,0,8,2024-06-06,Thu,🟢 Low,0,0,0
2024-06-06 10:00:00,BIN-07,Bus Stand,150,24.4,0,10,2024-06-06,Thu,🟢 Low,0,0,0
2024-06-06 12:00:00,BIN-07,Bus Stand,150,27.0,0,12,2024-06-06,Thu,🟢 Low,0,0,0
2024-06-06 14:00:00,BIN-07,Bus Stand,150,29.7,0,14,2024-06-06,Thu,🟢 Low,0,0,0
2024-06-06 16:00:00,BIN-07,Bus Stand,150,31.2,0,16,2024-06-06,Thu,🟢 Low,0,0,0
2024-06-06 18:00:00,BIN-07,Bus Stand,150,33.9,0,18,2024-06-06,Thu,🟢 Low,0,0,0
2024-06-06 20:00:00,BIN-07,Bus Stand,150,35.8,0,20,2024-06-06,Thu,🟢 Low,0,0,0
2024-06-06 22:00:00,BIN-07,Bus Stand,150,37.5,0,22,2024-06-06,Thu,🟢 Low,0,0,0
2024-06-07 00:00:00,BIN-07,Bus Stand,150,38.0,0,0,2024-06-07,Fri,🟢 Low,0,0,0
2024-06-07 02:00:00,BIN-07,Bus Stand,150,38.7,0,2,2024-06-07,Fri,🟢 Low,0,0,0
2024-06-07 04:00:00,BIN-07,Bus Stand,150,39.2,0,4,2024-06-07,Fri,🟢 Low,0,0,0
2024-06-07 06:00:00,BIN-07,Bus Stand,150,39.7,0,6,2024-06-07,Fri,🟢 Low,0,0,0
2024-06-07 08:00:00,BIN-07,Bus Stand,150,41.9,0,8,2024-06-07,Fri,🟡 Medium,0,0,0
2024-06-07 10:00:00,BIN-07,Bus Stand,150,43.5,0,10,2024-06-07,Fri,🟡 Medium,0,0,0
2024-06-07 12:00:00,BIN-07,Bus Stand,150,44.8,0,12,2024-06-07,Fri,🟡 Medium,0,0,0
2024-06-07 14:00:00,BIN-07,Bus Stand,150,46.2,0,14,2024-06-07,Fri,🟡 Medium,0,0,0
2024-06-07 16:00:00,BIN-07,Bus Stand,150,47.6,0,16,2024-06-07,Fri,🟡 Medium,0,0,0
2024-06-07 18:00:00,BIN-07,Bus Stand,150,49.1,0,18,2024-06-07,Fri,🟡 Medium,0,0,0
2024-06-07 20:00:00,BIN-07,Bus Stand,150,50.5,0,20,2024-06-07,Fri,🟡 Medium,0,0,0
2024-06-07 22:00:00,BIN-07,Bus Stand,150,52.7,0,22,2024-06-07,Fri,🟡 Medium,0,0,0
2024-06-01 00:00:00,BIN-08,Bus Stand,150,5.4,0,0,2024-06-01,Sat,🟢 Low,0,0,0
2024-06-01 02:00:00,BIN-08,Bus Stand,150,5.8,0,2,2024-06-01,Sat,🟢 Low,0,0,0
2024-06-01 04:00:00,BIN-08,Bus Stand,150,6.5,0,4,2024-06-01,Sat,🟢 Low,0,0,0
2024-06-01 06:00:00,BIN-08,Bus Stand,150,7.0,0,6,2024-06-01,Sat,🟢 Low,0,0,0
2024-06-01 08:00:00,BIN-08,Bus Stand,150,9.1,0,8,2024-06-01,Sat,🟢 Low,0,0,0
2024-06-01 10:00:00,BIN-08,Bus Stand,150,10.5,0,10,2024-06-01,Sat,🟢 Low,0,0,0
2024-06-01 12:00:00,BIN-08,Bus Stand,150,11.9,0,12,2024-06-01,Sat,🟢 Low,0,0,0
2024-06-01 14:00:00,BIN-08,Bus Stand,150,13.1,0,14,2024-06-01,Sat,🟢 Low,0,0,0
2024-06-01 16:00:00,BIN-08,Bus Stand,150,14.4,0,16,2024-06-01,Sat,🟢 Low,0,0,0
2024-06-01 18:00:00,BIN-08,Bus Stand,150,16.0,0,18,2024-06-01,Sat,🟢 Low,0,0,0
2024-06-01 20:00:00,BIN-08,Bus Stand,150,17.4,0,20,2024-06-01,Sat,🟢 Low,0,0,0
2024-06-01 22:00:00,BIN-08,Bus Stand,150,18.6,0,22,2024-06-01,Sat,🟢 Low,0,0,0
2024-06-02 00:00:00,BIN-08,Bus Stand,150,19.0,0,0,2024-06-02,Sun,🟢 Low,0,0,0
2024-06-02 02:00:00,BIN-08,Bus Stand,150,19.5,0,2,2024-06-02,Sun,🟢 Low,0,0,0
2024-06-02 04:00:00,BIN-08,Bus Stand,150,19.9,0,4,2024-06-02,Sun,🟢 Low,0,0,0
2024-06-02 06:00:00,BIN-08,Bus Stand,150,20.3,0,6,2024-06-02,Sun,🟢 Low,0,0,0
2024-06-02 08:00:00,BIN-08,Bus Stand,150,22.2,0,8,2024-06-02,Sun,🟢 Low,0,0,0
2024-06-02 10:00:00,BIN-08,Bus Stand,150,24.3,0,10,2024-06-02,Sun,🟢 Low,0,0,0
2024-06-02 12:00:00,BIN-08,Bus Stand,150,25.5,0,12,2024-06-02,Sun,🟢 Low,0,0,0
2024-06-02 14:00:00,BIN-08,Bus Stand,150,27.8,0,14,2024-06-02,Sun,🟢 Low,0,0,0
2024-06-02 16:00:00,BIN-08,Bus Stand,150,29.9,0,16,2024-06-02,Sun,🟢 Low,0,0,0
2024-06-02 18:00:00,BIN-08,Bus Stand,150,31.2,0,18,2024-06-02,Sun,🟢 Low,0,0,0
2024-06-02 20:00:00,BIN-08,Bus Stand,150,33.6,0,20,2024-06-02,Sun,🟢 Low,0,0,0
2024-06-02 22:00:00,BIN-08,Bus Stand,150,36.1,0,22,2024-06-02,Sun,🟢 Low,0,0,0
2024-06-03 00:00:00,BIN-08,Bus Stand,150,36.4,0,0,2024-06-03,Mon,🟢 Low,0,0,0
2024-06-03 02:00:00,BIN-08,Bus Stand,150,36.8,0,2,2024-06-03,Mon,🟢 Low,0,0,0
2024-06-03 04:00:00,BIN-08,Bus Stand,150,37.5,0,4,2024-06-03,Mon,🟢 Low,0,0,0
2024-06-03 06:00:00,BIN-08,Bus Stand,150,38.1,0,6,2024-06-03,Mon,🟢 Low,0,0,0
2024-06-03 08:00:00,BIN-08,Bus Stand,150,39.5,0,8,2024-06-03,Mon,🟢 Low,0,0,0
2024-06-03 10:00:00,BIN-08,Bus Stand,150,40.9,0,10,2024-06-03,Mon,🟡 Medium,0,0,0
2024-06-03 12:00:00,BIN-08,Bus Stand,150,42.6,0,12,2024-06-03,Mon,🟡 Medium,0,0,0
2024-06-03 14:00:00,BIN-08,Bus Stand,150,44.4,0,14,2024-06-03,Mon,🟡 Medium,0,0,0
2024-06-03 16:00:00,BIN-08,Bus Stand,150,46.5,0,16,2024-06-03,Mon,🟡 Medium,0,0,0
2024-06-03 18:00:00,BIN-08,Bus Stand,150,48.2,0,18,2024-06-03,Mon,🟡 Medium,0,0,0
2024-06-03 20:00:00,BIN-08,Bus Stand,150,50.0,0,20,2024-06-03,Mon,🟡 Medium,0,0,0
2024-06-03 22:00:00,BIN-08,Bus Stand,150,52.2,0,22,2024-06-03,Mon,🟡 Medium,0,0,0
2024-06-04 00:00:00,BIN-08,Bus Stand,150,52.5,0,0,2024-06-04,Tue,🟡 Medium,0,0,0
2024-06-04 02:00:00,BIN-08,Bus Stand,150,52.9,0,2,2024-06-04,Tue,🟡 Medium,0,0,0
2024-06-04 04:00:00,BIN-08,Bus Stand,150,53.5,0,4,2024-06-04,Tue,🟡 Medium,0,0,0
2024-06-04 06:00:00,BIN-08,Bus Stand,150,54.2,0,6,2024-06-04,Tue,🟡 Medium,0,0,0
2024-06-04 08:00:00,BIN-08,Bus Stand,150,56.1,0,8,2024-06-04,Tue,🟡 Medium,0,0,0
2024-06-04 10:00:00,BIN-08,Bus Stand,150,58.0,0,10,2024-06-04,Tue,🟡 Medium,0,0,0
2024-06-04 12:00:00,BIN-08,Bus Stand,150,59.3,0,12,2024-06-04,Tue,🟡 Medium,0,0,0
2024-06-04 14:00:00,BIN-08,Bus Stand,150,61.1,0,14,2024-06-04,Tue,🟡 Medium,0,0,0
2024-06-04 16:00:00,BIN-08,Bus Stand,150,63.0,0,16,2024-06-04,Tue,🟡 Medium,0,0,0
2024-06-04 18:00:00,BIN-08,Bus Stand,150,64.5,0,18,2024-06-04,Tue,🟡 Medium,0,0,0
2024-06-04 20:00:00,BIN-08,Bus Stand,150,66.0,0,20,2024-06-04,Tue,🟡 Medium,0,0,0
2024-06-04 22:00:00,BIN-08,Bus Stand,150,67.7,0,22,2024-06-04,Tue,🟡 Medium,0,0,0
2024-06-05 00:00:00,BIN-08,Bus Stand,150,68.0,0,0,2024-06-05,Wed,🟡 Medium,0,0,0
2024-06-05 02:00:00,BIN-08,Bus Stand,150,68.5,0,2,2024-06-05,Wed,🟡 Medium,0,0,0
2024-06-05 04:00:00,BIN-08,Bus Stand,150,68.8,0,4,2024-06-05,Wed,🟡 Medium,0,0,0
2024-06-05 06:00:00,BIN-08,Bus Stand,150,69.3,0,6,2024-06-05,Wed,🟡 Medium,0,0,0
2024-06-05 08:00:00,BIN-08,Bus Stand,150,70.6,0,8,2024-06-05,Wed,🟠 High,1,0,0
2024-06-05 10:00:00,BIN-08,Bus Stand,150,73.0,0,10,2024-06-05,Wed,🟠 High,1,0,0
2024-06-05 12:00:00,BIN-08,Bus Stand,150,75.1,0,12,2024-06-05,Wed,🟠 High,1,0,1
2024-06-05 14:00:00,BIN-08,Bus Stand,150,77.2,0,14,2024-06-05,Wed,🟠 High,1,0,1
2024-06-05 16:00:00,BIN-08,Bus Stand,150,79.5,0,16,2024-06-05,Wed,🟠 High,1,0,1
2024-06-05 18:00:00,BIN-08,Bus Stand,150,81.4,0,18,2024-06-05,Wed,🟠 High,1,0,1
2024-06-05 20:00:00,BIN-08,Bus Stand,150,82.6,0,20,2024-06-05,Wed,🟠 High,1,0,1
2024-06-05 22:00:00,BIN-08,Bus Stand,150,84.6,0,22,2024-06-05,Wed,🟠 High,1,0,1
2024-06-06 00:00:00,BIN-08,Bus Stand,150,6.5,1,0,2024-06-06,Thu,🟢 Low,0,0,0
2024-06-06 02:00:00,BIN-08,Bus Stand,150,6.9,0,2,2024-06-06,Thu,🟢 Low,0,0,0
2024-06-06 04:00:00,BIN-08,Bus Stand,150,7.3,0,4,2024-06-06,Thu,🟢 Low,0,0,0
2024-06-06 06:00:00,BIN-08,Bus Stand,150,7.7,0,6,2024-06-06,Thu,🟢 Low,0,0,0
2024-06-06 08:00:00,BIN-08,Bus Stand,150,9.4,0,8,2024-06-06,Thu,🟢 Low,0,0,0
2024-06-06 10:00:00,BIN-08,Bus Stand,150,11.5,0,10,2024-06-06,Thu,🟢 Low,0,0,0
2024-06-06 12:00:00,BIN-08,Bus Stand,150,13.5,0,12,2024-06-06,Thu,🟢 Low,0,0,0
2024-06-06 14:00:00,BIN-08,Bus Stand,150,15.1,0,14,2024-06-06,Thu,🟢 Low,0,0,0
2024-06-06 16:00:00,BIN-08,Bus Stand,150,17.7,0,16,2024-06-06,Thu,🟢 Low,0,0,0
2024-06-06 18:00:00,BIN-08,Bus Stand,150,19.8,0,18,2024-06-06,Thu,🟢 Low,0,0,0
2024-06-06 20:00:00,BIN-08,Bus Stand,150,21.2,0,20,2024-06-06,Thu,🟢 Low,0,0,0
2024-06-06 22:00:00,BIN-08,Bus Stand,150,22.5,0,22,2024-06-06,Thu,🟢 Low,0,0,0
2024-06-07 00:00:00,BIN-08,Bus Stand,150,22.9,0,0,2024-06-07,Fri,🟢 Low,0,0,0
2024-06-07 02:00:00,BIN-08,Bus Stand,150,23.3,0,2,2024-06-07,Fri,🟢 Low,0,0,0
2024-06-07 04:00:00,BIN-08,Bus Stand,150,23.6,0,4,2024-06-07,Fri,🟢 Low,0,0,0
2024-06-07 06:00:00,BIN-08,Bus Stand,150,24.0,0,6,2024-06-07,Fri,🟢 Low,0,0,0
2024-06-07 08:00:00,BIN-08,Bus Stand,150,25.6,0,8,2024-06-07,Fri,🟢 Low,0,0,0
2024-06-07 10:00:00,BIN-08,Bus Stand,150,26.9,0,10,2024-06-07,Fri,🟢 Low,0,0,0
2024-06-07 12:00:00,BIN-08,Bus Stand,150,29.4,0,12,2024-06-07,Fri,🟢 Low,0,0,0
2024-06-07 14:00:00,BIN-08,Bus Stand,150,30.7,0,14,2024-06-07,Fri,🟢 Low,0,0,0
2024-06-07 16:00:00,BIN-08,Bus Stand,150,32.6,0,16,2024-06-07,Fri,🟢 Low,0,0,0
2024-06-07 18:00:00,BIN-08,Bus Stand,150,34.3,0,18,2024-06-07,Fri,🟢 Low,0,0,0
2024-06-07 20:00:00,BIN-08,Bus Stand,150,36.9,0,20,2024-06-07,Fri,🟢 Low,0,0,0
2024-06-07 22:00:00,BIN-08,Bus Stand,150,38.2,0,22,2024-06-07,Fri,🟢 Low,0,0,0
2024-06-01 00:00:00,BIN-09,Park,60,5.1,0,0,2024-06-01,Sat,🟢 Low,0,0,0
2024-06-01 02:00:00,BIN-09,Park,60,5.3,0,2,2024-06-01,Sat,🟢 Low,0,0,0
2024-06-01 04:00:00,BIN-09,Park,60,5.5,0,4,2024-06-01,Sat,🟢 Low,0,0,0
2024-06-01 06:00:00,BIN-09,Park,60,5.6,0,6,2024-06-01,Sat,🟢 Low,0,0,0
2024-06-01 08:00:00,BIN-09,Park,60,6.0,0,8,2024-06-01,Sat,🟢 Low,0,0,0
2024-06-01 10:00:00,BIN-09,Park,60,6.4,0,10,2024-06-01,Sat,🟢 Low,0,0,0
2024-06-01 12:00:00,BIN-09,Park,60,7.0,0,12,2024-06-01,Sat,🟢 Low,0,0,0
2024-06-01 14:00:00,BIN-09,Park,60,7.7,0,14,2024-06-01,Sat,🟢 Low,0,0,0
2024-06-01 16:00:00,BIN-09,Park,60,8.2,0,16,2024-06-01,Sat,🟢 Low,0,0,0
2024-06-01 18:00:00,BIN-09,Park,60,8.7,0,18,2024-06-01,Sat,🟢 Low,0,0,0
2024-06-01 20:00:00,BIN-09,Park,60,9.1,0,20,2024-06-01,Sat,🟢 Low,0,0,0
2024-06-01 22:00:00,BIN-09,Park,60,9.7,0,22,2024-06-01,Sat,🟢 Low,0,0,0
2024-06-02 00:00:00,BIN-09,Park,60,9.8,0,0,2024-06-02,Sun,🟢 Low,0,0,0
2024-06-02 02:00:00,BIN-09,Park,60,9.9,0,2,2024-06-02,Sun,🟢 Low,0,0,0
2024-06-02 04:00:00,BIN-09,Park,60,10.1,0,4,2024-06-02,Sun,🟢 Low,0,0,0
2024-06-02 06:00:00,BIN-09,Park,60,10.2,0,6,2024-06-02,Sun,🟢 Low,0,0,0
2024-06-02 08:00:00,BIN-09,Park,60,10.6,0,8,2024-06-02,Sun,🟢 Low,0,0,0
2024-06-02 10:00:00,BIN-09,Park,60,10.9,0,10,2024-06-02,Sun,🟢 Low,0,0,0
2024-06-02 12:00:00,BIN-09,Park,60,11.5,0,12,2024-06-02,Sun,🟢 Low,0,0,0
2024-06-02 14:00:00,BIN-09,Park,60,11.9,0,14,2024-06-02,Sun,🟢 Low,0,0,0
2024-06-02 16:00:00,BIN-09,Park,60,12.4,0,16,2024-06-02,Sun,🟢 Low,0,0,0
2024-06-02 18:00:00,BIN-09,Park,60,12.8,0,18,2024-06-02,Sun,🟢 Low,0,0,0
2024-06-02 20:00:00,BIN-09,Park,60,13.3,0,20,2024-06-02,Sun,🟢 Low,0,0,0
2024-06-02 22:00:00,BIN-09,Park,60,13.8,0,22,2024-06-02,Sun,🟢 Low,0,0,0
2024-06-03 00:00:00,BIN-09,Park,60,13.9,0,0,2024-06-03,Mon,🟢 Low,0,0,0
2024-06-03 02:00:00,BIN-09,Park,60,14.0,0,2,2024-06-03,Mon,🟢 Low,0,0,0
2024-06-03 04:00:00,BIN-09,Park,60,14.1,0,4,2024-06-03,Mon,🟢 Low,0,0,0
2024-06-03 06:00:00,BIN-09,Park,60,14.2,0,6,2024-06-03,Mon,🟢 Low,0,0,0
2024-06-03 08:00:00,BIN-09,Park,60,14.9,0,8,2024-06-03,Mon,🟢 Low,0,0,0
2024-06-03 10:00:00,BIN-09,Park,60,15.3,0,10,2024-06-03,Mon,🟢 Low,0,0,0
2024-06-03 12:00:00,BIN-09,Park,60,15.9,0,12,2024-06-03,Mon,🟢 Low,0,0,0
2024-06-03 14:00:00,BIN-09,Park,60,16.3,0,14,2024-06-03,Mon,🟢 Low,0,0,0
2024-06-03 16:00:00,BIN-09,Park,60,16.9,0,16,2024-06-03,Mon,🟢 Low,0,0,0
2024-06-03 18:00:00,BIN-09,Park,60,17.5,0,18,2024-06-03,Mon,🟢 Low,0,0,0
2024-06-03 20:00:00,BIN-09,Park,60,18.1,0,20,2024-06-03,Mon,🟢 Low,0,0,0
2024-06-03 22:00:00,BIN-09,Park,60,18.5,0,22,2024-06-03,Mon,🟢 Low,0,0,0
2024-06-04 00:00:00,BIN-09,Park,60,18.7,0,0,2024-06-04,Tue,🟢 Low,0,0,0
2024-06-04 02:00:00,BIN-09,Park,60,18.8,0,2,2024-06-04,Tue,🟢 Low,0,0,0
2024-06-04 04:00:00,BIN-09,Park,60,19.0,0,4,2024-06-04,Tue,🟢 Low,0,0,0
2024-06-04 06:00:00,BIN-09,Park,60,19.1,0,6,2024-06-04,Tue,🟢 Low,0,0,0
2024-06-04 08:00:00,BIN-09,Park,60,19.8,0,8,2024-06-04,Tue,🟢 Low,0,0,0
2024-06-04 10:00:00,BIN-09,Park,60,20.2,0,10,2024-06-04,Tue,🟢 Low,0,0,0
2024-06-04 12:00:00,BIN-09,Park,60,20.8,0,12,2024-06-04,Tue,🟢 Low,0,0,0
2024-06-04 14:00:00,BIN-09,Park,60,21.4,0,14,2024-06-04,Tue,🟢 Low,0,0,0
2024-06-04 16:00:00,BIN-09,Park,60,21.8,0,16,2024-06-04,Tue,🟢 Low,0,0,0
2024-06-04 18:00:00,BIN-09,Park,60,22.1,0,18,2024-06-04,Tue,🟢 Low,0,0,0
2024-06-04 20:00:00,BIN-09,Park,60,22.7,0,20,2024-06-04,Tue,🟢 Low,0,0,0
2024-06-04 22:00:00,BIN-09,Park,60,23.3,0,22,2024-06-04,Tue,🟢 Low,0,0,0
2024-06-05 00:00:00,BIN-09,Park,60,23.4,0,0,2024-06-05,Wed,🟢 Low,0,0,0
2024-06-05 02:00:00,BIN-09,Park,60,23.5,0,2,2024-06-05,Wed,🟢 Low,0,0,0
2024-06-05 04:00:00,BIN-09,Park,60,23.7,0,4,2024-06-05,Wed,🟢 Low,0,0,0
2024-06-05 06:00:00,BIN-09,Park,60,23.8,0,6,2024-06-05,Wed,🟢 Low,0,0,0
2024-06-05 08:00:00,BIN-09,Park,60,24.2,0,8,2024-06-05,Wed,🟢 Low,0,0,0
2024-06-05 10:00:00,BIN-09,Park,60,24.5,0,10,2024-06-05,Wed,🟢 Low,0,0,0
2024-06-05 12:00:00,BIN-09,Park,60,25.1,0,12,2024-06-05,Wed,🟢 Low,0,0,0
2024-06-05 14:00:00,BIN-09,Park,60,25.7,0,14,2024-06-05,Wed,🟢 Low,0,0,0
2024-06-05 16:00:00,BIN-09,Park,60,26.2,0,16,2024-06-05,Wed,🟢 Low,0,0,0
2024-06-05 18:00:00,BIN-09,Park,60,26.7,0,18,2024-06-05,Wed,🟢 Low,0,0,0
2024-06-05 20:00:00,BIN-09,Park,60,27.3,0,20,2024-06-05,Wed,🟢 Low,0,0,0
2024-06-05 22:00:00,BIN-09,Park,60,27.8,0,22,2024-06-05,Wed,🟢 Low,0,0,0
2024-06-06 00:00:00,BIN-09,Park,60,27.9,0,0,2024-06-06,Thu,🟢 Low,0,0,0
2024-06-06 02:00:00,BIN-09,Park,60,28.1,0,2,2024-06-06,Thu,🟢 Low,0,0,0
2024-06-06 04:00:00,BIN-09,Park,60,28.2,0,4,2024-06-06,Thu,🟢 Low,0,0,0
2024-06-06 06:00:00,BIN-09,Park,60,28.3,0,6,2024-06-06,Thu,🟢 Low,0,0,0
2024-06-06 08:00:00,BIN-09,Park,60,28.7,0,8,2024-06-06,Thu,🟢 Low,0,0,0
2024-06-06 10:00:00,BIN-09,Park,60,29.3,0,10,2024-06-06,Thu,🟢 Low,0,0,0
2024-06-06 12:00:00,BIN-09,Park,60,29.8,0,12,2024-06-06,Thu,🟢 Low,0,0,0
2024-06-06 14:00:00,BIN-09,Park,60,30.2,0,14,2024-06-06,Thu,🟢 Low,0,0,0
2024-06-06 16:00:00,BIN-09,Park,60,30.9,0,16,2024-06-06,Thu,🟢 Low,0,0,0
2024-06-06 18:00:00,BIN-09,Park,60,31.3,0,18,2024-06-06,Thu,🟢 Low,0,0,0
2024-06-06 20:00:00,BIN-09,Park,60,31.9,0,20,2024-06-06,Thu,🟢 Low,0,0,0
2024-06-06 22:00:00,BIN-09,Park,60,32.5,0,22,2024-06-06,Thu,🟢 Low,0,0,0
2024-06-07 00:00:00,BIN-09,Park,60,32.7,0,0,2024-06-07,Fri,🟢 Low,0,0,0
2024-06-07 02:00:00,BIN-09,Park,60,32.8,0,2,2024-06-07,Fri,🟢 Low,0,0,0
2024-06-07 04:00:00,BIN-09,Park,60,32.9,0,4,2024-06-07,Fri,🟢 Low,0,0,0
2024-06-07 06:00:00,BIN-09,Park,60,33.1,0,6,2024-06-07,Fri,🟢 Low,0,0,0
2024-06-07 08:00:00,BIN-09,Park,60,33.5,0,8,2024-06-07,Fri,🟢 Low,0,0,0
2024-06-07 10:00:00,BIN-09,Park,60,33.9,0,10,2024-06-07,Fri,🟢 Low,0,0,0
2024-06-07 12:00:00,BIN-09,Park,60,34.5,0,12,2024-06-07,Fri,🟢 Low,0,0,0
2024-06-07 14:00:00,BIN-09,Park,60,35.0,0,14,2024-06-07,Fri,🟢 Low,0,0,0
2024-06-07 16:00:00,BIN-09,Park,60,35.6,0,16,2024-06-07,Fri,🟢 Low,0,0,0
2024-06-07 18:00:00,BIN-09,Park,60,36.2,0,18,2024-06-07,Fri,🟢 Low,0,0,0
2024-06-07 20:00:00,BIN-09,Park,60,36.8,0,20,2024-06-07,Fri,🟢 Low,0,0,0
2024-06-07 22:00:00,BIN-09,Park,60,37.2,0,22,2024-06-07,Fri,🟢 Low,0,0,0
2024-06-01 00:00:00,BIN-10,Park,60,5.1,0,0,2024-06-01,Sat,🟢 Low,0,0,0
2024-06-01 02:00:00,BIN-10,Park,60,5.3,0,2,2024-06-01,Sat,🟢 Low,0,0,0
2024-06-01 04:00:00,BIN-10,Park,60,5.5,0,4,2024-06-01,Sat,🟢 Low,0,0,0
2024-06-01 06:00:00,BIN-10,Park,60,5.6,0,6,2024-06-01,Sat,🟢 Low,0,0,0
2024-06-01 08:00:00,BIN-10,Park,60,6.2,0,8,2024-06-01,Sat,🟢 Low,0,0,0
2024-06-01 10:00:00,BIN-10,Park,60,7.0,0,10,2024-06-01,Sat,🟢 Low,0,0,0
2024-06-01 12:00:00,BIN-10,Park,60,7.8,0,12,2024-06-01,Sat,🟢 Low,0,0,0
2024-06-01 14:00:00,BIN-10,Park,60,8.4,0,14,2024-06-01,Sat,🟢 Low,0,0,0
2024-06-01 16:00:00,BIN-10,Park,60,9.1,0,16,2024-06-01,Sat,🟢 Low,0,0,0
2024-06-01 18:00:00,BIN-10,Park,60,9.6,0,18,2024-06-01,Sat,🟢 Low,0,0,0
2024-06-01 20:00:00,BIN-10,Park,60,10.4,0,20,2024-06-01,Sat,🟢 Low,0,0,0
2024-06-01 22:00:00,BIN-10,Park,60,10.8,0,22,2024-06-01,Sat,🟢 Low,0,0,0
2024-06-02 00:00:00,BIN-10,Park,60,11.0,0,0,2024-06-02,Sun,🟢 Low,0,0,0
2024-06-02 02:00:00,BIN-10,Park,60,11.2,0,2,2024-06-02,Sun,🟢 Low,0,0,0
2024-06-02 04:00:00,BIN-10,Park,60,11.3,0,4,2024-06-02,Sun,🟢 Low,0,0,0
2024-06-02 06:00:00,BIN-10,Park,60,11.4,0,6,2024-06-02,Sun,🟢 Low,0,0,0
2024-06-02 08:00:00,BIN-10,Park,60,12.2,0,8,2024-06-02,Sun,🟢 Low,0,0,0
2024-06-02 10:00:00,BIN-10,Park,60,12.9,0,10,2024-06-02,Sun,🟢 Low,0,0,0
2024-06-02 12:00:00,BIN-10,Park,60,13.6,0,12,2024-06-02,Sun,🟢 Low,0,0,0
2024-06-02 14:00:00,BIN-10,Park,60,14.3,0,14,2024-06-02,Sun,🟢 Low,0,0,0
2024-06-02 16:00:00,BIN-10,Park,60,15.0,0,16,2024-06-02,Sun,🟢 Low,0,0,0
2024-06-02 18:00:00,BIN-10,Park,60,15.5,0,18,2024-06-02,Sun,🟢 Low,0,0,0
2024-06-02 20:00:00,BIN-10,Park,60,16.0,0,20,2024-06-02,Sun,🟢 Low,0,0,0
2024-06-02 22:00:00,BIN-10,Park,60,16.5,0,22,2024-06-02,Sun,🟢 Low,0,0,0
2024-06-03 00:00:00,BIN-10,Park,60,16.7,0,0,2024-06-03,Mon,🟢 Low,0,0,0
2024-06-03 02:00:00,BIN-10,Park,60,16.9,0,2,2024-06-03,Mon,🟢 Low,0,0,0
2024-06-03 04:00:00,BIN-10,Park,60,17.0,0,4,2024-06-03,Mon,🟢 Low,0,0,0
2024-06-03 06:00:00,BIN-10,Park,60,17.2,0,6,2024-06-03,Mon,🟢 Low,0,0,0
2024-06-03 08:00:00,BIN-10,Park,60,18.0,0,8,2024-06-03,Mon,🟢 Low,0,0,0
2024-06-03 10:00:00,BIN-10,Park,60,18.5,0,10,2024-06-03,Mon,🟢 Low,0,0,0
2024-06-03 12:00:00,BIN-10,Park,60,19.1,0,12,2024-06-03,Mon,🟢 Low,0,0,0
2024-06-03 14:00:00,BIN-10,Park,60,19.8,0,14,2024-06-03,Mon,🟢 Low,0,0,0
2024-06-03 16:00:00,BIN-10,Park,60,20.5,0,16,2024-06-03,Mon,🟢 Low,0,0,0
2024-06-03 18:00:00,BIN-10,Park,60,20.8,0,18,2024-06-03,Mon,🟢 Low,0,0,0
2024-06-03 20:00:00,BIN-10,Park,60,21.7,0,20,2024-06-03,Mon,🟢 Low,0,0,0
2024-06-03 22:00:00,BIN-10,Park,60,22.5,0,22,2024-06-03,Mon,🟢 Low,0,0,0
2024-06-04 00:00:00,BIN-10,Park,60,22.7,0,0,2024-06-04,Tue,🟢 Low,0,0,0
2024-06-04 02:00:00,BIN-10,Park,60,22.9,0,2,2024-06-04,Tue,🟢 Low,0,0,0
2024-06-04 04:00:00,BIN-10,Park,60,23.1,0,4,2024-06-04,Tue,🟢 Low,0,0,0
2024-06-04 06:00:00,BIN-10,Park,60,23.3,0,6,2024-06-04,Tue,🟢 Low,0,0,0
2024-06-04 08:00:00,BIN-10,Park,60,23.7,0,8,2024-06-04,Tue,🟢 Low,0,0,0
2024-06-04 10:00:00,BIN-10,Park,60,24.4,0,10,2024-06-04,Tue,🟢 Low,0,0,0
2024-06-04 12:00:00,BIN-10,Park,60,25.1,0,12,2024-06-04,Tue,🟢 Low,0,0,0
2024-06-04 14:00:00,BIN-10,Park,60,25.7,0,14,2024-06-04,Tue,🟢 Low,0,0,0
2024-06-04 16:00:00,BIN-10,Park,60,26.4,0,16,2024-06-04,Tue,🟢 Low,0,0,0
2024-06-04 18:00:00,BIN-10,Park,60,27.2,0,18,2024-06-04,Tue,🟢 Low,0,0,0
2024-06-04 20:00:00,BIN-10,Park,60,28.1,0,20,2024-06-04,Tue,🟢 Low,0,0,0
2024-06-04 22:00:00,BIN-10,Park,60,28.7,0,22,2024-06-04,Tue,🟢 Low,0,0,0
2024-06-05 00:00:00,BIN-10,Park,60,28.8,0,0,2024-06-05,Wed,🟢 Low,0,0,0
2024-06-05 02:00:00,BIN-10,Park,60,29.0,0,2,2024-06-05,Wed,🟢 Low,0,0,0
2024-06-05 04:00:00,BIN-10,Park,60,29.2,0,4,2024-06-05,Wed,🟢 Low,0,0,0
2024-06-05 06:00:00,BIN-10,Park,60,29.4,0,6,2024-06-05,Wed,🟢 Low,0,0,0
2024-06-05 08:00:00,BIN-10,Park,60,30.2,0,8,2024-06-05,Wed,🟢 Low,0,0,0
2024-06-05 10:00:00,BIN-10,Park,60,31.0,0,10,2024-06-05,Wed,🟢 Low,0,0,0
2024-06-05 12:00:00,BIN-10,Park,60,31.6,0,12,2024-06-05,Wed,🟢 Low,0,0,0
2024-06-05 14:00:00,BIN-10,Park,60,32.3,0,14,2024-06-05,Wed,🟢 Low,0,0,0
2024-06-05 16:00:00,BIN-10,Park,60,32.9,0,16,2024-06-05,Wed,🟢 Low,0,0,0
2024-06-05 18:00:00,BIN-10,Park,60,33.3,0,18,2024-06-05,Wed,🟢 Low,0,0,0
2024-06-05 20:00:00,BIN-10,Park,60,33.8,0,20,2024-06-05,Wed,🟢 Low,0,0,0
2024-06-05 22:00:00,BIN-10,Park,60,34.6,0,22,2024-06-05,Wed,🟢 Low,0,0,0
2024-06-06 00:00:00,BIN-10,Park,60,34.7,0,0,2024-06-06,Thu,🟢 Low,0,0,0
2024-06-06 02:00:00,BIN-10,Park,60,34.8,0,2,2024-06-06,Thu,🟢 Low,0,0,0
2024-06-06 04:00:00,BIN-10,Park,60,35.0,0,4,2024-06-06,Thu,🟢 Low,0,0,0
2024-06-06 06:00:00,BIN-10,Park,60,35.2,0,6,2024-06-06,Thu,🟢 Low,0,0,0
2024-06-06 08:00:00,BIN-10,Park,60,36.0,0,8,2024-06-06,Thu,🟢 Low,0,0,0
2024-06-06 10:00:00,BIN-10,Park,60,36.6,0,10,2024-06-06,Thu,🟢 Low,0,0,0
2024-06-06 12:00:00,BIN-10,Park,60,37.1,0,12,2024-06-06,Thu,🟢 Low,0,0,0
2024-06-06 14:00:00,BIN-10,Park,60,37.8,0,14,2024-06-06,Thu,🟢 Low,0,0,0
2024-06-06 16:00:00,BIN-10,Park,60,38.5,0,16,2024-06-06,Thu,🟢 Low,0,0,0
2024-06-06 18:00:00,BIN-10,Park,60,38.9,0,18,2024-06-06,Thu,🟢 Low,0,0,0
2024-06-06 20:00:00,BIN-10,Park,60,39.5,0,20,2024-06-06,Thu,🟢 Low,0,0,0
2024-06-06 22:00:00,BIN-10,Park,60,40.0,0,22,2024-06-06,Thu,🟢 Low,0,0,0
2024-06-07 00:00:00,BIN-10,Park,60,40.1,0,0,2024-06-07,Fri,🟡 Medium,0,0,0
2024-06-07 02:00:00,BIN-10,Park,60,40.3,0,2,2024-06-07,Fri,🟡 Medium,0,0,0
2024-06-07 04:00:00,BIN-10,Park,60,40.4,0,4,2024-06-07,Fri,🟡 Medium,0,0,0
2024-06-07 06:00:00,BIN-10,Park,60,40.7,0,6,2024-06-07,Fri,🟡 Medium,0,0,0
2024-06-07 08:00:00,BIN-10,Park,60,41.2,0,8,2024-06-07,Fri,🟡 Medium,0,0,0
2024-06-07 10:00:00,BIN-10,Park,60,41.9,0,10,2024-06-07,Fri,🟡 Medium,0,0,0
2024-06-07 12:00:00,BIN-10,Park,60,42.6,0,12,2024-06-07,Fri,🟡 Medium,0,0,0
2024-06-07 14:00:00,BIN-10,Park,60,42.9,0,14,2024-06-07,Fri,🟡 Medium,0,0,0
2024-06-07 16:00:00,BIN-10,Park,60,43.7,0,16,2024-06-07,Fri,🟡 Medium,0,0,0
2024-06-07 18:00:00,BIN-10,Park,60,44.1,0,18,2024-06-07,Fri,🟡 Medium,0,0,0
2024-06-07 20:00:00,BIN-10,Park,60,45.0,0,20,2024-06-07,Fri,🟡 Medium,0,0,0
2024-06-07 22:00:00,BIN-10,Park,60,45.4,0,22,2024-06-07,Fri,🟡 Medium,0,0,0
